0	spec/core/argf/argf_spec.rb	1 file, 2 examples, 2 expectations, 0 failures, 0 errors, 0 tagged	
1	spec/core/argf/each_byte_spec.rb	1 file, 5 examples, 0 expectations, 0 failures, 5 errors, 0 tagged	
1	spec/core/argf/binmode_spec.rb	1 file, 2 examples, 0 expectations, 0 failures, 2 errors, 0 tagged	
1	spec/core/argf/closed_spec.rb	1 file, 1 example, 0 expectations, 0 failures, 1 error, 0 tagged	
1	spec/core/argf/argv_spec.rb	1 file, 2 examples, 0 expectations, 0 failures, 2 errors, 0 tagged	
1	spec/core/argf/each_codepoint_spec.rb	1 file, 0 examples, 0 expectations, 0 failures, 7 errors, 0 tagged	
1	spec/core/argf/close_spec.rb	1 file, 4 examples, 0 expectations, 1 failure, 3 errors, 0 tagged	
1	spec/core/argf/eof_spec.rb	1 file, 3 examples, 1 expectation, 0 failures, 2 errors, 0 tagged	
1	spec/core/argf/each_char_spec.rb	1 file, 5 examples, 0 expectations, 0 failures, 5 errors, 0 tagged	
0	spec/core/argf/each_spec.rb	1 file, 1 example, 1 expectation, 0 failures, 0 errors, 0 tagged	
1	spec/core/argf/each_line_spec.rb	1 file, 7 examples, 0 expectations, 0 failures, 7 errors, 0 tagged	
1	spec/core/argf/fileno_spec.rb	1 file, 2 examples, 0 expectations, 0 failures, 2 errors, 0 tagged	
1	spec/core/argf/getc_spec.rb	1 file, 2 examples, 0 expectations, 0 failures, 2 errors, 0 tagged	
1	spec/core/argf/file_spec.rb	1 file, 1 example, 0 expectations, 0 failures, 1 error, 0 tagged	
1	spec/core/argf/filename_spec.rb	1 file, 2 examples, 0 expectations, 1 failure, 1 error, 0 tagged	
1	spec/core/argf/inspect_spec.rb	1 file, 1 example, 1 expectation, 1 failure, 0 errors, 0 tagged	
1	spec/core/argf/gets_spec.rb	1 file, 7 examples, 0 expectations, 1 failure, 8 errors, 0 tagged	
1	spec/core/argf/pos_spec.rb	1 file, 3 examples, 0 expectations, 0 failures, 3 errors, 0 tagged	
1	spec/core/argf/lineno_spec.rb	1 file, 2 examples, 1 expectation, 1 failure, 1 error, 0 tagged	
0	spec/core/argf/path_spec.rb	1 file, 1 example, 1 expectation, 0 failures, 0 errors, 0 tagged	
1	spec/core/argf/readchar_spec.rb	1 file, 2 examples, 0 expectations, 0 failures, 2 errors, 0 tagged	
1	spec/core/argf/readline_spec.rb	1 file, 6 examples, 0 expectations, 1 failure, 7 errors, 0 tagged	
1	spec/core/argf/readlines_spec.rb	1 file, 2 examples, 0 expectations, 0 failures, 2 errors, 0 tagged	
1	spec/core/argf/rewind_spec.rb	1 file, 3 examples, 1 expectation, 0 failures, 2 errors, 0 tagged	
1	spec/core/argf/seek_spec.rb	1 file, 4 examples, 0 expectations, 0 failures, 4 errors, 0 tagged	
1	spec/core/argf/set_encoding_spec.rb	1 file, 4 examples, 0 expectations, 0 failures, 4 errors, 0 tagged	
1	spec/core/argf/readpartial_spec.rb	1 file, 14 examples, 0 expectations, 2 failures, 12 errors, 0 tagged	
1	spec/core/argf/skip_spec.rb	1 file, 4 examples, 1 expectation, 1 failure, 3 errors, 0 tagged	
0	spec/core/argf/tell_spec.rb	1 file, 1 example, 1 expectation, 0 failures, 0 errors, 0 tagged	
1	spec/core/argf/to_a_spec.rb	1 file, 1 example, 1 expectation, 1 failure, 0 errors, 0 tagged	
1	spec/core/argf/read_nonblock_spec.rb	1 file, 15 examples, 0 expectations, 3 failures, 12 errors, 0 tagged	
1	spec/core/argf/read_spec.rb	1 file, 16 examples, 1 expectation, 3 failures, 13 errors, 0 tagged	
1	spec/core/argf/to_io_spec.rb	1 file, 1 example, 0 expectations, 0 failures, 1 error, 0 tagged	
0	spec/core/argf/to_i_spec.rb	1 file, 1 example, 1 expectation, 0 failures, 0 errors, 0 tagged	
0	spec/core/array/allocate_spec.rb	1 file, 3 examples, 4 expectations, 0 failures, 0 errors, 0 tagged	
1	spec/core/argf/to_s_spec.rb	1 file, 1 example, 0 expectations, 0 failures, 1 error, 0 tagged	
1	spec/core/array/any_spec.rb	1 file, 8 examples, 9 expectations, 1 failure, 0 errors, 0 tagged	
1	spec/core/array/all_spec.rb	1 file, 2 examples, 3 expectations, 1 failure, 0 errors, 0 tagged	
0	spec/core/array/append_spec.rb	1 file, 5 examples, 9 expectations, 0 failures, 0 errors, 0 tagged	
1	spec/core/array/assoc_spec.rb	1 file, 4 examples, 16 expectations, 1 failure, 0 errors, 0 tagged	
0	spec/core/array/at_spec.rb	1 file, 8 examples, 18 expectations, 0 failures, 0 errors, 0 tagged	
0	spec/core/array/array_spec.rb	1 file, 1 example, 1 expectation, 0 failures, 0 errors, 0 tagged	
1	spec/core/array/bsearch_index_spec.rb	1 file, 10 examples, 4 expectations, 0 failures, 13 errors, 0 tagged	
0	spec/core/array/clear_spec.rb	1 file, 5 examples, 7 expectations, 0 failures, 0 errors, 0 tagged	
0	spec/core/array/clone_spec.rb	1 file, 5 examples, 12 expectations, 0 failures, 0 errors, 0 tagged	
1	spec/core/array/bsearch_spec.rb	1 file, 17 examples, 2 expectations, 0 failures, 17 errors, 0 tagged	
0	spec/core/array/collect_spec.rb	1 file, 2 examples, 2 expectations, 0 failures, 0 errors, 0 tagged	
1	spec/core/array/compact_spec.rb	1 file, 7 examples, 15 expectations, 1 failure, 0 errors, 0 tagged	
1	spec/core/array/combination_spec.rb	1 file, 11 examples, 15 expectations, 2 failures, 0 errors, 0 tagged	
0	spec/core/array/constructor_spec.rb	1 file, 2 examples, 6 expectations, 0 failures, 0 errors, 0 tagged	
1	spec/core/array/concat_spec.rb	1 file, 12 examples, 14 expectations, 0 failures, 2 errors, 0 tagged	
0	spec/core/array/comparison_spec.rb	1 file, 10 examples, 41 expectations, 0 failures, 0 errors, 0 tagged	
1	spec/core/array/count_spec.rb	1 file, 5 examples, 4 expectations, 2 failures, 2 errors, 0 tagged	
0	spec/core/array/cycle_spec.rb	1 file, 19 examples, 28 expectations, 0 failures, 0 errors, 0 tagged	
0	spec/core/array/deconstruct_spec.rb	1 file, 1 example, 1 expectation, 0 failures, 0 errors, 0 tagged	
0	spec/core/array/delete_at_spec.rb	1 file, 6 examples, 12 expectations, 0 failures, 0 errors, 0 tagged	
1	spec/core/array/delete_if_spec.rb	1 file, 13 examples, 16 expectations, 1 failure, 0 errors, 0 tagged	
0	spec/core/array/delete_spec.rb	1 file, 7 examples, 10 expectations, 0 failures, 0 errors, 0 tagged	
0	spec/core/array/detect_spec.rb	1 file, 1 example, 1 expectation, 0 failures, 0 errors, 0 tagged	
1	spec/core/array/difference_spec.rb	1 file, 14 examples, 4 expectations, 3 failures, 14 errors, 0 tagged	
0	spec/core/array/drop_spec.rb	1 file, 11 examples, 13 expectations, 0 failures, 0 errors, 0 tagged	
0	spec/core/array/drop_while_spec.rb	1 file, 5 examples, 5 expectations, 0 failures, 0 errors, 0 tagged	
0	spec/core/array/dig_spec.rb	1 file, 8 examples, 12 expectations, 0 failures, 0 errors, 0 tagged	
0	spec/core/array/each_index_spec.rb	1 file, 6 examples, 7 expectations, 0 failures, 0 errors, 0 tagged	
0	spec/core/array/each_spec.rb	1 file, 11 examples, 13 expectations, 0 failures, 0 errors, 0 tagged	
0	spec/core/array/dup_spec.rb	1 file, 5 examples, 12 expectations, 0 failures, 0 errors, 0 tagged	
0	spec/core/array/empty_spec.rb	1 file, 1 example, 3 expectations, 0 failures, 0 errors, 0 tagged	
1	spec/core/array/element_set_spec.rb	1 file, 64 examples, 317 expectations, 0 failures, 12 errors, 0 tagged	
1	spec/core/array/element_reference_spec.rb	1 file, 69 examples, 243 expectations, 6 failures, 13 errors, 0 tagged	
0	spec/core/array/fetch_spec.rb	1 file, 9 examples, 18 expectations, 0 failures, 0 errors, 0 tagged	
0	spec/core/array/eql_spec.rb	1 file, 11 examples, 40 expectations, 0 failures, 0 errors, 0 tagged	
0	spec/core/array/equal_value_spec.rb	1 file, 13 examples, 52 expectations, 0 failures, 0 errors, 0 tagged	
1	spec/core/array/fetch_values_spec.rb	1 file, 8 examples, 4 expectations, 1 failure, 8 errors, 0 tagged	
1	spec/core/array/filter_spec.rb	1 file, 2 examples, 1 expectation, 0 failures, 1 error, 0 tagged	
1	spec/core/array/fill_spec.rb	1 file, 47 examples, 134 expectations, 3 failures, 3 errors, 0 tagged	
0	spec/core/array/first_spec.rb	1 file, 15 examples, 30 expectations, 0 failures, 0 errors, 0 tagged	
1	spec/core/array/find_index_spec.rb	1 file, 8 examples, 9 expectations, 0 failures, 1 error, 0 tagged	
0	spec/core/array/find_spec.rb	1 file, 16 examples, 16 expectations, 0 failures, 0 errors, 0 tagged	
1	spec/core/array/flatten_spec.rb	1 file, 34 examples, 67 expectations, 7 failures, 1 error, 0 tagged	
0	spec/core/array/frozen_spec.rb	1 file, 2 examples, 5 expectations, 0 failures, 0 errors, 0 tagged	
1	spec/core/array/hash_spec.rb	1 file, 9 examples, 24 expectations, 3 failures, 1 error, 0 tagged	
1	spec/core/array/join_spec.rb	1 file, 20 examples, 35 expectations, 3 failures, 1 error, 0 tagged	
0	spec/core/array/index_spec.rb	1 file, 1 example, 1 expectation, 0 failures, 0 errors, 0 tagged	
1	spec/core/array/intersection_spec.rb	1 file, 22 examples, 29 expectations, 1 failure, 12 errors, 0 tagged	
0	spec/core/array/include_spec.rb	1 file, 3 examples, 9 expectations, 0 failures, 0 errors, 0 tagged	
0	spec/core/array/insert_spec.rb	1 file, 12 examples, 30 expectations, 0 failures, 0 errors, 0 tagged	
1	spec/core/array/initialize_spec.rb	1 file, 24 examples, 40 expectations, 1 failure, 1 error, 0 tagged	
1	spec/core/array/keep_if_spec.rb	1 file, 14 examples, 8 expectations, 1 failure, 10 errors, 0 tagged	
1	spec/core/array/inspect_spec.rb	1 file, 13 examples, 28 expectations, 3 failures, 1 error, 0 tagged	
1	spec/core/array/intersect_spec.rb	1 file, 7 examples, 13 expectations, 0 failures, 1 error, 0 tagged	
0	spec/core/array/length_spec.rb	1 file, 1 example, 1 expectation, 0 failures, 0 errors, 0 tagged	
0	spec/core/array/last_spec.rb	1 file, 14 examples, 27 expectations, 0 failures, 0 errors, 0 tagged	
1	spec/core/array/max_spec.rb	1 file, 13 examples, 36 expectations, 0 failures, 1 error, 0 tagged	
1	spec/core/array/map_spec.rb	1 file, 20 examples, 24 expectations, 2 failures, 0 errors, 0 tagged	
0	spec/core/array/minmax_spec.rb	1 file, 5 examples, 8 expectations, 0 failures, 0 errors, 0 tagged	
1	spec/core/array/min_spec.rb	1 file, 13 examples, 39 expectations, 0 failures, 1 error, 0 tagged	
0	spec/core/array/minus_spec.rb	1 file, 11 examples, 22 expectations, 0 failures, 0 errors, 0 tagged	
1	spec/core/array/none_spec.rb	1 file, 2 examples, 3 expectations, 1 failure, 0 errors, 0 tagged	
1	spec/core/array/multiply_spec.rb	1 file, 15 examples, 28 expectations, 1 failure, 0 errors, 0 tagged	
1	spec/core/array/new_spec.rb	1 file, 20 examples, 31 expectations, 1 failure, 1 error, 0 tagged	
1	spec/core/array/one_spec.rb	1 file, 2 examples, 3 expectations, 1 failure, 0 errors, 0 tagged	
0	spec/core/array/pack/comment_spec.rb	1 file, 5 examples, 5 expectations, 0 failures, 0 errors, 0 tagged	
1	spec/core/array/pack/at_spec.rb	1 file, 13 examples, 14 expectations, 2 failures, 0 errors, 0 tagged	
1	spec/core/array/pack/buffer_spec.rb	1 file, 8 examples, 2 expectations, 0 failures, 8 errors, 0 tagged	
1	spec/core/array/pack/a_spec.rb	1 file, 46 examples, 52 expectations, 2 failures, 0 errors, 0 tagged	
1	spec/core/array/pack/b_spec.rb	1 file, 37 examples, 44 expectations, 4 failures, 0 errors, 0 tagged	
1	spec/core/array/pack/empty_spec.rb	1 file, 2 examples, 2 expectations, 1 failure, 0 errors, 0 tagged	
1	spec/core/array/pack/c_spec.rb	1 file, 48 examples, 54 expectations, 4 failures, 0 errors, 0 tagged	
1	spec/core/array/pack/d_spec.rb	1 file, 60 examples, 66 expectations, 4 failures, 2 errors, 0 tagged	
1	spec/core/array/pack/e_spec.rb	1 file, 61 examples, 66 expectations, 4 failures, 2 errors, 0 tagged	
1	spec/core/array/pack/g_spec.rb	1 file, 59 examples, 64 expectations, 4 failures, 2 errors, 0 tagged	
1	spec/core/array/pack/f_spec.rb	1 file, 62 examples, 66 expectations, 4 failures, 2 errors, 0 tagged	
1	spec/core/array/pack/h_spec.rb	1 file, 39 examples, 46 expectations, 4 failures, 2 errors, 0 tagged	
0	spec/core/array/pack/j_spec.rb	1 file, 0 examples, 0 expectations, 0 failures, 0 errors, 0 tagged	
1	spec/core/array/pack/m_spec.rb	1 file, 54 examples, 63 expectations, 6 failures, 0 errors, 0 tagged	
0	spec/core/array/pack/percent_spec.rb	1 file, 1 example, 1 expectation, 0 failures, 0 errors, 0 tagged	
1	spec/core/array/pack/i_spec.rb	1 file, 220 examples, 246 expectations, 114 failures, 4 errors, 0 tagged	
1	spec/core/array/pack/p_spec.rb	1 file, 14 examples, 16 expectations, 6 failures, 0 errors, 0 tagged	
1	spec/core/array/pack/l_spec.rb	1 file, 236 examples, 266 expectations, 118 failures, 0 errors, 0 tagged	
0	spec/core/array/pack/r_spec.rb	1 file, 0 examples, 0 expectations, 0 failures, 0 errors, 0 tagged	
1	spec/core/array/pack/n_spec.rb	1 file, 48 examples, 54 expectations, 4 failures, 0 errors, 0 tagged	
1	spec/core/array/pack/q_spec.rb	1 file, 76 examples, 86 expectations, 26 failures, 0 errors, 0 tagged	
1	spec/core/array/pack/u_spec.rb	1 file, 44 examples, 51 expectations, 10 failures, 0 errors, 0 tagged	
1	spec/core/array/pack/w_spec.rb	1 file, 18 examples, 21 expectations, 2 failures, 0 errors, 0 tagged	
1	spec/core/array/pack/z_spec.rb	1 file, 24 examples, 27 expectations, 1 failure, 0 errors, 0 tagged	
1	spec/core/array/pack/x_spec.rb	1 file, 28 examples, 31 expectations, 2 failures, 0 errors, 0 tagged	
1	spec/core/array/pack/v_spec.rb	1 file, 48 examples, 54 expectations, 4 failures, 0 errors, 0 tagged	
0	spec/core/array/partition_spec.rb	1 file, 4 examples, 14 expectations, 0 failures, 0 errors, 0 tagged	
1	spec/core/array/pack/s_spec.rb	1 file, 236 examples, 266 expectations, 118 failures, 0 errors, 0 tagged	
0	spec/core/array/plus_spec.rb	1 file, 8 examples, 18 expectations, 0 failures, 0 errors, 0 tagged	
1	spec/core/array/permutation_spec.rb	1 file, 16 examples, 37 expectations, 4 failures, 0 errors, 0 tagged	
1	spec/core/array/pop_spec.rb	1 file, 16 examples, 43 expectations, 1 failure, 0 errors, 0 tagged	
0	spec/core/array/prepend_spec.rb	1 file, 1 example, 1 expectation, 0 failures, 0 errors, 0 tagged	
0	spec/core/array/push_spec.rb	1 file, 4 examples, 9 expectations, 0 failures, 0 errors, 0 tagged	
1	spec/core/array/reject_spec.rb	1 file, 22 examples, 47 expectations, 2 failures, 0 errors, 0 tagged	
1	spec/core/array/rassoc_spec.rb	1 file, 5 examples, 13 expectations, 1 failure, 0 errors, 0 tagged	
1	spec/core/array/repeated_permutation_spec.rb	1 file, 11 examples, 0 expectations, 0 failures, 11 errors, 0 tagged	
1	spec/core/array/repeated_combination_spec.rb	1 file, 12 examples, 0 expectations, 0 failures, 12 errors, 0 tagged	
0	spec/core/array/replace_spec.rb	1 file, 7 examples, 15 expectations, 0 failures, 0 errors, 0 tagged	
0	spec/core/array/reverse_each_spec.rb	1 file, 8 examples, 8 expectations, 0 failures, 0 errors, 0 tagged	
1	spec/core/array/reverse_spec.rb	1 file, 6 examples, 11 expectations, 1 failure, 0 errors, 0 tagged	
1	spec/core/array/rotate_spec.rb	1 file, 14 examples, 4 expectations, 1 failure, 13 errors, 0 tagged	
1	spec/core/array/rindex_spec.rb	1 file, 13 examples, 17 expectations, 0 failures, 2 errors, 0 tagged	
1	spec/core/array/rfind_spec.rb	1 file, 16 examples, 1 expectation, 0 failures, 15 errors, 0 tagged	
1	spec/core/array/sample_spec.rb	1 file, 24 examples, 18 expectations, 8 failures, 24 errors, 0 tagged	
0	spec/core/array/size_spec.rb	1 file, 2 examples, 4 expectations, 0 failures, 0 errors, 0 tagged	
1	spec/core/array/select_spec.rb	1 file, 20 examples, 17 expectations, 1 failure, 10 errors, 0 tagged	
1	spec/core/array/shift_spec.rb	1 file, 15 examples, 47 expectations, 4 failures, 1 error, 0 tagged	
1	spec/core/array/sort_by_spec.rb	1 file, 13 examples, 4 expectations, 0 failures, 11 errors, 0 tagged	
1	spec/core/array/shuffle_spec.rb	1 file, 15 examples, 51 expectations, 9 failures, 9 errors, 0 tagged	
1	spec/core/array/slice_spec.rb	1 file, 21 examples, 76 expectations, 7 failures, 4 errors, 0 tagged	
0	spec/core/array/take_while_spec.rb	1 file, 5 examples, 5 expectations, 0 failures, 0 errors, 0 tagged	
0	spec/core/array/take_spec.rb	1 file, 7 examples, 7 expectations, 0 failures, 0 errors, 0 tagged	
1	spec/core/array/sum_spec.rb	1 file, 14 examples, 29 expectations, 1 failure, 0 errors, 0 tagged	
0	spec/core/array/to_ary_spec.rb	1 file, 2 examples, 4 expectations, 0 failures, 0 errors, 0 tagged	
0	spec/core/array/to_a_spec.rb	1 file, 3 examples, 6 expectations, 0 failures, 0 errors, 0 tagged	
1	spec/core/array/sort_spec.rb	1 file, 36 examples, 54 expectations, 1 failure, 6 errors, 0 tagged	
1	spec/core/array/to_h_spec.rb	1 file, 15 examples, 16 expectations, 1 failure, 3 errors, 0 tagged	
1	spec/core/array/try_convert_spec.rb	1 file, 8 examples, 12 expectations, 0 failures, 2 errors, 0 tagged	
0	spec/core/array/to_s_spec.rb	1 file, 1 example, 1 expectation, 0 failures, 0 errors, 0 tagged	
0	spec/core/array/transpose_spec.rb	1 file, 7 examples, 18 expectations, 0 failures, 0 errors, 0 tagged	
1	spec/core/array/union_spec.rb	1 file, 21 examples, 27 expectations, 1 failure, 12 errors, 0 tagged	
0	spec/core/array/unshift_spec.rb	1 file, 7 examples, 14 expectations, 0 failures, 0 errors, 0 tagged	
1	spec/core/array/values_at_spec.rb	1 file, 10 examples, 11 expectations, 2 failures, 2 errors, 0 tagged	
1	spec/core/array/uniq_spec.rb	1 file, 27 examples, 49 expectations, 8 failures, 0 errors, 0 tagged	
1	spec/core/basicobject/equal_spec.rb	1 file, 1 example, 1 expectation, 1 failure, 0 errors, 0 tagged	
1	spec/core/array/zip_spec.rb	1 file, 10 examples, 12 expectations, 0 failures, 4 errors, 0 tagged	
0	spec/core/basicobject/equal_value_spec.rb	1 file, 13 examples, 24 expectations, 0 failures, 0 errors, 0 tagged	
1	spec/core/basicobject/__id__spec.rb	1 file, 13 examples, 10 expectations, 1 failure, 3 errors, 0 tagged	
1	spec/core/basicobject/initialize_spec.rb	1 file, 2 examples, 2 expectations, 0 failures, 1 error, 0 tagged	
1	spec/core/basicobject/basicobject_spec.rb	1 file, 14 examples, 15 expectations, 6 failures, 0 errors, 0 tagged	
0	spec/core/basicobject/not_spec.rb	1 file, 2 examples, 2 expectations, 0 failures, 0 errors, 0 tagged	
1	spec/core/basicobject/instance_exec_spec.rb	1 file, 17 examples, 22 expectations, 0 failures, 1 error, 0 tagged	
1	spec/core/basicobject/instance_eval_spec.rb	1 file, 41 examples, 48 expectations, 8 failures, 8 errors, 0 tagged	
0	spec/core/basicobject/not_equal_spec.rb	1 file, 8 examples, 10 expectations, 0 failures, 0 errors, 0 tagged	
1	spec/core/basicobject/__send___spec.rb	1 file, 16 examples, 21 expectations, 0 failures, 1 error, 0 tagged	
0	spec/core/basicobject/method_missing_spec.rb	1 file, 30 examples, 30 expectations, 0 failures, 0 errors, 0 tagged	
0	spec/core/basicobject/singleton_method_added_spec.rb	1 file, 11 examples, 13 expectations, 0 failures, 0 errors, 0 tagged	
1	spec/core/binding/clone_spec.rb	1 file, 0 examples, 0 expectations, 0 failures, 1 error, 0 tagged	
0	spec/core/basicobject/singleton_method_removed_spec.rb	1 file, 2 examples, 2 expectations, 0 failures, 0 errors, 0 tagged	
0	spec/core/basicobject/singleton_method_undefined_spec.rb	1 file, 2 examples, 2 expectations, 0 failures, 0 errors, 0 tagged	
1	spec/core/binding/implicit_parameter_defined_spec.rb	1 file, 13 examples, 2 expectations, 0 failures, 13 errors, 0 tagged	
1	spec/core/binding/dup_spec.rb	1 file, 0 examples, 0 expectations, 0 failures, 1 error, 0 tagged	
1	spec/core/binding/eval_spec.rb	1 file, 0 examples, 0 expectations, 0 failures, 1 error, 0 tagged	
1	spec/core/binding/implicit_parameter_get_spec.rb	1 file, 0 examples, 0 expectations, 0 failures, 1 error, 0 tagged	
1	spec/core/binding/local_variable_get_spec.rb	1 file, 0 examples, 0 expectations, 0 failures, 1 error, 0 tagged	
1	spec/core/binding/implicit_parameters_spec.rb	1 file, 10 examples, 0 expectations, 0 failures, 10 errors, 0 tagged	
1	spec/core/binding/local_variable_defined_spec.rb	1 file, 8 examples, 1 expectation, 0 failures, 8 errors, 0 tagged	
1	spec/core/binding/local_variable_set_spec.rb	1 file, 0 examples, 0 expectations, 0 failures, 1 error, 0 tagged	
1	spec/core/binding/local_variables_spec.rb	1 file, 6 examples, 0 expectations, 0 failures, 6 errors, 0 tagged	
1	spec/core/binding/receiver_spec.rb	1 file, 0 examples, 0 expectations, 0 failures, 1 error, 0 tagged	
1	spec/core/binding/source_location_spec.rb	1 file, 2 examples, 0 expectations, 0 failures, 2 errors, 0 tagged	
1	spec/core/builtin_constants/builtin_constants_spec.rb	1 file, 27 examples, 15 expectations, 7 failures, 12 errors, 0 tagged	
1	spec/core/class/allocate_spec.rb	1 file, 5 examples, 6 expectations, 2 failures, 0 errors, 0 tagged	
1	spec/core/class/attached_object_spec.rb	1 file, 4 examples, 2 expectations, 0 failures, 4 errors, 0 tagged	
1	spec/core/class/inherited_spec.rb	1 file, 9 examples, 16 expectations, 1 failure, 0 errors, 0 tagged	
0	spec/core/class/dup_spec.rb	1 file, 6 examples, 8 expectations, 0 failures, 0 errors, 0 tagged	
0	spec/core/class/initialize_spec.rb	1 file, 4 examples, 5 expectations, 0 failures, 0 errors, 0 tagged	
1	spec/core/class/new_spec.rb	1 file, 15 examples, 24 expectations, 1 failure, 1 error, 0 tagged	
1	spec/core/class/subclasses_spec.rb	1 file, 0 examples, 0 expectations, 0 failures, 1 error, 0 tagged	
1	spec/core/class/superclass_spec.rb	1 file, 3 examples, 8 expectations, 2 failures, 0 errors, 0 tagged	
0	spec/core/comparable/between_spec.rb	1 file, 1 example, 12 expectations, 0 failures, 0 errors, 0 tagged	
0	spec/core/comparable/clamp_spec.rb	1 file, 26 examples, 40 expectations, 0 failures, 0 errors, 0 tagged	
0	spec/core/comparable/equal_value_spec.rb	1 file, 14 examples, 25 expectations, 0 failures, 0 errors, 0 tagged	
0	spec/core/comparable/gte_spec.rb	1 file, 3 examples, 18 expectations, 0 failures, 0 errors, 0 tagged	
0	spec/core/comparable/gt_spec.rb	1 file, 3 examples, 16 expectations, 0 failures, 0 errors, 0 tagged	
0	spec/core/comparable/lte_spec.rb	1 file, 3 examples, 18 expectations, 0 failures, 0 errors, 0 tagged	
0	spec/core/comparable/lt_spec.rb	1 file, 4 examples, 18 expectations, 0 failures, 0 errors, 0 tagged	
0	spec/core/complex/arg_spec.rb	1 file, 1 example, 4 expectations, 0 failures, 0 errors, 0 tagged	
0	spec/core/complex/abs2_spec.rb	1 file, 1 example, 3 expectations, 0 failures, 0 errors, 0 tagged	
0	spec/core/complex/angle_spec.rb	1 file, 1 example, 1 expectation, 0 failures, 0 errors, 0 tagged	
0	spec/core/complex/abs_spec.rb	1 file, 1 example, 6 expectations, 0 failures, 0 errors, 0 tagged	
1	spec/core/complex/comparison_spec.rb	1 file, 3 examples, 7 expectations, 1 failure, 1 error, 0 tagged	
1	spec/core/complex/coerce_spec.rb	1 file, 10 examples, 21 expectations, 0 failures, 1 error, 0 tagged	
0	spec/core/complex/conj_spec.rb	1 file, 1 example, 1 expectation, 0 failures, 0 errors, 0 tagged	
0	spec/core/complex/conjugate_spec.rb	1 file, 1 example, 4 expectations, 0 failures, 0 errors, 0 tagged	
0	spec/core/complex/denominator_spec.rb	1 file, 1 example, 5 expectations, 0 failures, 0 errors, 0 tagged	
0	spec/core/complex/constants_spec.rb	1 file, 1 example, 1 expectation, 0 failures, 0 errors, 0 tagged	
1	spec/core/complex/divide_spec.rb	1 file, 10 examples, 22 expectations, 3 failures, 1 error, 0 tagged	
1	spec/core/complex/equal_value_spec.rb	1 file, 6 examples, 38 expectations, 1 failure, 1 error, 0 tagged	
0	spec/core/complex/exponent_spec.rb	1 file, 6 examples, 18 expectations, 0 failures, 0 errors, 0 tagged	
1	spec/core/complex/finite_spec.rb	1 file, 6 examples, 6 expectations, 1 failure, 0 errors, 0 tagged	
1	spec/core/complex/eql_spec.rb	1 file, 6 examples, 7 expectations, 2 failures, 1 error, 0 tagged	
1	spec/core/complex/fdiv_spec.rb	1 file, 18 examples, 3 expectations, 0 failures, 18 errors, 0 tagged	
1	spec/core/complex/hash_spec.rb	1 file, 2 examples, 6 expectations, 1 failure, 0 errors, 0 tagged	
0	spec/core/complex/imaginary_spec.rb	1 file, 1 example, 4 expectations, 0 failures, 0 errors, 0 tagged	
1	spec/core/complex/imag_spec.rb	1 file, 1 example, 1 expectation, 1 failure, 0 errors, 0 tagged	
0	spec/core/complex/infinite_spec.rb	1 file, 6 examples, 6 expectations, 0 failures, 0 errors, 0 tagged	
0	spec/core/complex/integer_spec.rb	1 file, 2 examples, 2 expectations, 0 failures, 0 errors, 0 tagged	
1	spec/core/complex/magnitude_spec.rb	1 file, 1 example, 0 expectations, 0 failures, 1 error, 0 tagged	
1	spec/core/complex/inspect_spec.rb	1 file, 4 examples, 8 expectations, 4 failures, 2 errors, 0 tagged	
1	spec/core/complex/multiply_spec.rb	1 file, 5 examples, 12 expectations, 1 failure, 1 error, 0 tagged	
1	spec/core/complex/marshal_dump_spec.rb	1 file, 2 examples, 1 expectation, 1 failure, 1 error, 0 tagged	
1	spec/core/complex/minus_spec.rb	1 file, 5 examples, 11 expectations, 3 failures, 0 errors, 0 tagged	
1	spec/core/complex/negative_spec.rb	1 file, 1 example, 1 expectation, 1 failure, 0 errors, 0 tagged	
1	spec/core/complex/plus_spec.rb	1 file, 5 examples, 11 expectations, 3 failures, 0 errors, 0 tagged	
0	spec/core/complex/numerator_spec.rb	1 file, 1 example, 6 expectations, 0 failures, 0 errors, 0 tagged	
1	spec/core/complex/phase_spec.rb	1 file, 1 example, 1 expectation, 1 failure, 0 errors, 0 tagged	
1	spec/core/complex/polar_spec.rb	1 file, 4 examples, 13 expectations, 0 failures, 2 errors, 0 tagged	
1	spec/core/complex/positive_spec.rb	1 file, 1 example, 1 expectation, 1 failure, 0 errors, 0 tagged	
1	spec/core/complex/quo_spec.rb	1 file, 1 example, 1 expectation, 1 failure, 0 errors, 0 tagged	
1	spec/core/complex/rationalize_spec.rb	1 file, 6 examples, 4 expectations, 1 failure, 6 errors, 0 tagged	
0	spec/core/complex/real_spec.rb	1 file, 5 examples, 8 expectations, 0 failures, 0 errors, 0 tagged	
1	spec/core/complex/rectangular_spec.rb	1 file, 14 examples, 51 expectations, 0 failures, 9 errors, 0 tagged	
1	spec/core/complex/rect_spec.rb	1 file, 2 examples, 1 expectation, 0 failures, 1 error, 0 tagged	
1	spec/core/complex/to_f_spec.rb	1 file, 5 examples, 6 expectations, 3 failures, 5 errors, 0 tagged	
1	spec/core/complex/to_i_spec.rb	1 file, 5 examples, 6 expectations, 3 failures, 5 errors, 0 tagged	
1	spec/core/complex/to_c_spec.rb	1 file, 2 examples, 0 expectations, 0 failures, 2 errors, 0 tagged	
0	spec/core/conditionvariable/broadcast_spec.rb	1 file, 1 example, 2 expectations, 0 failures, 0 errors, 0 tagged	
1	spec/core/complex/to_r_spec.rb	1 file, 5 examples, 5 expectations, 3 failures, 5 errors, 0 tagged	
1	spec/core/complex/to_s_spec.rb	1 file, 8 examples, 15 expectations, 6 failures, 1 error, 0 tagged	
1	spec/core/conditionvariable/marshal_dump_spec.rb	1 file, 1 example, 1 expectation, 0 failures, 1 error, 0 tagged	
1	spec/core/complex/uminus_spec.rb	1 file, 1 example, 2 expectations, 1 failure, 1 error, 0 tagged	
1	spec/core/conditionvariable/wait_spec.rb	1 file, 7 examples, 6 expectations, 2 failures, 2 errors, 0 tagged	
1	spec/core/data/constants_spec.rb	1 file, 2 examples, 1 expectation, 0 failures, 2 errors, 0 tagged	
1	spec/core/data/deconstruct_keys_spec.rb	1 file, 0 examples, 0 expectations, 0 failures, 1 error, 0 tagged	
1	spec/core/data/deconstruct_spec.rb	1 file, 0 examples, 0 expectations, 0 failures, 1 error, 0 tagged	
0	spec/core/conditionvariable/signal_spec.rb	1 file, 2 examples, 3 expectations, 0 failures, 0 errors, 0 tagged	
1	spec/core/data/define_spec.rb	1 file, 0 examples, 0 expectations, 0 failures, 1 error, 0 tagged	
1	spec/core/data/eql_spec.rb	1 file, 0 examples, 0 expectations, 0 failures, 1 error, 0 tagged	
1	spec/core/data/equal_value_spec.rb	1 file, 0 examples, 0 expectations, 0 failures, 1 error, 0 tagged	
1	spec/core/data/hash_spec.rb	1 file, 0 examples, 0 expectations, 0 failures, 1 error, 0 tagged	
1	spec/core/data/initialize_spec.rb	1 file, 0 examples, 0 expectations, 0 failures, 1 error, 0 tagged	
1	spec/core/data/inspect_spec.rb	1 file, 0 examples, 0 expectations, 0 failures, 1 error, 0 tagged	
1	spec/core/data/members_spec.rb	1 file, 0 examples, 0 expectations, 0 failures, 1 error, 0 tagged	
1	spec/core/data/to_h_spec.rb	1 file, 0 examples, 0 expectations, 0 failures, 1 error, 0 tagged	
1	spec/core/data/with_spec.rb	1 file, 0 examples, 0 expectations, 0 failures, 1 error, 0 tagged	
1	spec/core/data/to_s_spec.rb	1 file, 0 examples, 0 expectations, 0 failures, 1 error, 0 tagged	
1	spec/core/dir/chroot_spec.rb	1 file, 5 examples, 3 expectations, 2 failures, 4 errors, 0 tagged	
1	spec/core/dir/close_spec.rb	1 file, 3 examples, 2 expectations, 0 failures, 2 errors, 0 tagged	
1	spec/core/dir/chdir_spec.rb	1 file, 19 examples, 19 expectations, 0 failures, 7 errors, 0 tagged	
0	spec/core/dir/dir_spec.rb	1 file, 1 example, 1 expectation, 0 failures, 0 errors, 0 tagged	
1	spec/core/dir/children_spec.rb	1 file, 13 examples, 11 expectations, 2 failures, 7 errors, 0 tagged	
1	spec/core/dir/delete_spec.rb	1 file, 5 examples, 5 expectations, 0 failures, 3 errors, 0 tagged	
1	spec/core/dir/each_child_spec.rb	1 file, 12 examples, 12 expectations, 1 failure, 4 errors, 0 tagged	
0	spec/core/dir/empty_spec.rb	1 file, 4 examples, 4 expectations, 0 failures, 0 errors, 0 tagged	
1	spec/core/dir/each_spec.rb	1 file, 6 examples, 7 expectations, 0 failures, 2 errors, 0 tagged	
1	spec/core/dir/exist_spec.rb	1 file, 12 examples, 15 expectations, 1 failure, 0 errors, 0 tagged	
1	spec/core/dir/entries_spec.rb	1 file, 7 examples, 12 expectations, 2 failures, 0 errors, 0 tagged	
1	spec/core/dir/fchdir_spec.rb	1 file, 6 examples, 2 expectations, 0 failures, 6 errors, 0 tagged	
1	spec/core/dir/fileno_spec.rb	1 file, 1 example, 0 expectations, 0 failures, 1 error, 0 tagged	
1	spec/core/dir/element_reference_spec.rb	1 file, 69 examples, 70 expectations, 16 failures, 12 errors, 0 tagged	
1	spec/core/dir/foreach_spec.rb	1 file, 8 examples, 5 expectations, 0 failures, 5 errors, 0 tagged	
0	spec/core/dir/for_fd_spec.rb	1 file, 0 examples, 0 expectations, 0 failures, 0 errors, 0 tagged	
0	spec/core/dir/getwd_spec.rb	1 file, 1 example, 1 expectation, 0 failures, 0 errors, 0 tagged	
1	spec/core/dir/initialize_spec.rb	1 file, 1 example, 0 expectations, 0 failures, 1 error, 0 tagged	
0	spec/core/dir/home_spec.rb	1 file, 9 examples, 10 expectations, 0 failures, 0 errors, 0 tagged	
1	spec/core/dir/inspect_spec.rb	1 file, 3 examples, 3 expectations, 1 failure, 0 errors, 0 tagged	
0	spec/core/dir/path_spec.rb	1 file, 1 example, 1 expectation, 0 failures, 0 errors, 0 tagged	
1	spec/core/dir/mkdir_spec.rb	1 file, 7 examples, 9 expectations, 3 failures, 0 errors, 0 tagged	
1	spec/core/dir/open_spec.rb	1 file, 11 examples, 9 expectations, 1 failure, 4 errors, 0 tagged	
1	spec/core/dir/glob_spec.rb	1 file, 104 examples, 91 expectations, 23 failures, 28 errors, 0 tagged	
0	spec/core/dir/pos_spec.rb	1 file, 4 examples, 10 expectations, 0 failures, 0 errors, 0 tagged	
0	spec/core/dir/pwd_spec.rb	1 file, 5 examples, 8 expectations, 0 failures, 0 errors, 0 tagged	
0	spec/core/dir/scan_spec.rb	1 file, 0 examples, 0 expectations, 0 failures, 0 errors, 0 tagged	
1	spec/core/dir/read_spec.rb	1 file, 5 examples, 22 expectations, 1 failure, 0 errors, 0 tagged	
0	spec/core/dir/rmdir_spec.rb	1 file, 1 example, 1 expectation, 0 failures, 0 errors, 0 tagged	
0	spec/core/dir/rewind_spec.rb	1 file, 3 examples, 4 expectations, 0 failures, 0 errors, 0 tagged	
0	spec/core/dir/seek_spec.rb	1 file, 2 examples, 4 expectations, 0 failures, 0 errors, 0 tagged	
0	spec/core/dir/tell_spec.rb	1 file, 1 example, 1 expectation, 0 failures, 0 errors, 0 tagged	
137	spec/core/array/product_spec.rb	NO-TALLY	HANG
1	spec/core/dir/to_path_spec.rb	1 file, 3 examples, 3 expectations, 1 failure, 0 errors, 0 tagged	
0	spec/core/dir/unlink_spec.rb	1 file, 1 example, 1 expectation, 0 failures, 0 errors, 0 tagged	
0	spec/core/encoding/ascii_compatible_spec.rb	1 file, 4 examples, 5 expectations, 0 failures, 0 errors, 0 tagged	
0	spec/core/encoding/aliases_spec.rb	1 file, 8 examples, 178 expectations, 0 failures, 0 errors, 0 tagged	
1	spec/core/encoding/compatible_spec.rb	1 file, 385 examples, 388 expectations, 13 failures, 0 errors, 0 tagged	
1	spec/core/encoding/converter/asciicompat_encoding_spec.rb	1 file, 5 examples, 7 expectations, 0 failures, 1 error, 0 tagged	
0	spec/core/encoding/converter/convert_spec.rb	1 file, 7 examples, 8 expectations, 0 failures, 0 errors, 0 tagged	
1	spec/core/encoding/converter/constants_spec.rb	1 file, 26 examples, 26 expectations, 13 failures, 0 errors, 0 tagged	
0	spec/core/encoding/converter/convpath_spec.rb	1 file, 3 examples, 4 expectations, 0 failures, 0 errors, 0 tagged	
0	spec/core/encoding/converter/destination_encoding_spec.rb	1 file, 1 example, 2 expectations, 0 failures, 0 errors, 0 tagged	
0	spec/core/encoding/converter/finish_spec.rb	1 file, 6 examples, 8 expectations, 0 failures, 0 errors, 0 tagged	
0	spec/core/encoding/converter/insert_output_spec.rb	1 file, 0 examples, 0 expectations, 0 failures, 0 errors, 0 tagged	
0	spec/core/encoding/converter/primitive_errinfo_spec.rb	1 file, 10 examples, 20 expectations, 0 failures, 0 errors, 0 tagged	
0	spec/core/encoding/converter/last_error_spec.rb	1 file, 11 examples, 26 expectations, 0 failures, 0 errors, 0 tagged	
0	spec/core/encoding/converter/new_spec.rb	1 file, 19 examples, 24 expectations, 0 failures, 0 errors, 0 tagged	
0	spec/core/encoding/converter/inspect_spec.rb	1 file, 1 example, 1 expectation, 0 failures, 0 errors, 0 tagged	
1	spec/core/encoding/converter/primitive_convert_spec.rb	1 file, 32 examples, 54 expectations, 0 failures, 2 errors, 0 tagged	
0	spec/core/encoding/converter/putback_spec.rb	1 file, 7 examples, 17 expectations, 0 failures, 0 errors, 0 tagged	
1	spec/core/encoding/converter/search_convpath_spec.rb	1 file, 4 examples, 5 expectations, 0 failures, 1 error, 0 tagged	
0	spec/core/encoding/converter/replacement_spec.rb	1 file, 9 examples, 18 expectations, 0 failures, 0 errors, 0 tagged	
1	spec/core/encoding/dummy_spec.rb	1 file, 4 examples, 7 expectations, 1 failure, 0 errors, 0 tagged	
0	spec/core/encoding/default_internal_spec.rb	1 file, 10 examples, 12 expectations, 0 failures, 0 errors, 0 tagged	
0	spec/core/encoding/converter/source_encoding_spec.rb	1 file, 1 example, 2 expectations, 0 failures, 0 errors, 0 tagged	
0	spec/core/encoding/_dump_spec.rb	1 file, 0 examples, 0 expectations, 0 failures, 0 errors, 0 tagged	
1	spec/core/encoding/inspect_spec.rb	1 file, 3 examples, 3 expectations, 2 failures, 0 errors, 0 tagged	
1	spec/core/encoding/default_external_spec.rb	1 file, 8 examples, 10 expectations, 1 failure, 0 errors, 0 tagged	
1	spec/core/encoding/find_spec.rb	1 file, 13 examples, 515 expectations, 1 failure, 4 errors, 0 tagged	
0	spec/core/encoding/invalid_byte_sequence_error/destination_encoding_spec.rb	1 file, 2 examples, 4 expectations, 0 failures, 0 errors, 0 tagged	
0	spec/core/encoding/invalid_byte_sequence_error/destination_encoding_name_spec.rb	1 file, 2 examples, 4 expectations, 0 failures, 0 errors, 0 tagged	
0	spec/core/encoding/invalid_byte_sequence_error/error_bytes_spec.rb	1 file, 3 examples, 10 expectations, 0 failures, 0 errors, 0 tagged	
0	spec/core/encoding/invalid_byte_sequence_error/source_encoding_name_spec.rb	1 file, 3 examples, 3 expectations, 0 failures, 0 errors, 0 tagged	
0	spec/core/encoding/invalid_byte_sequence_error/source_encoding_spec.rb	1 file, 3 examples, 4 expectations, 0 failures, 0 errors, 0 tagged	
0	spec/core/encoding/invalid_byte_sequence_error/readagain_bytes_spec.rb	1 file, 3 examples, 10 expectations, 0 failures, 0 errors, 0 tagged	
1	spec/core/encoding/invalid_byte_sequence_error/incomplete_input_spec.rb	1 file, 3 examples, 4 expectations, 1 failure, 0 errors, 0 tagged	
1	spec/core/encoding/list_spec.rb	1 file, 9 examples, 216 expectations, 1 failure, 1 error, 0 tagged	
0	spec/core/encoding/_load_spec.rb	1 file, 0 examples, 0 expectations, 0 failures, 0 errors, 0 tagged	
1	spec/core/encoding/locale_charmap_spec.rb	1 file, 3 examples, 3 expectations, 1 failure, 0 errors, 0 tagged	
0	spec/core/encoding/name_spec.rb	1 file, 2 examples, 236 expectations, 0 failures, 0 errors, 0 tagged	
1	spec/core/encoding/name_list_spec.rb	1 file, 4 examples, 238 expectations, 1 failure, 0 errors, 0 tagged	
0	spec/core/encoding/names_spec.rb	1 file, 4 examples, 694 expectations, 0 failures, 0 errors, 0 tagged	
0	spec/core/encoding/replicate_spec.rb	1 file, 1 example, 1 expectation, 0 failures, 0 errors, 0 tagged	
0	spec/core/encoding/to_s_spec.rb	1 file, 1 example, 1 expectation, 0 failures, 0 errors, 0 tagged	
0	spec/core/encoding/undefined_conversion_error/destination_encoding_spec.rb	1 file, 2 examples, 2 expectations, 0 failures, 0 errors, 0 tagged	
0	spec/core/encoding/undefined_conversion_error/destination_encoding_name_spec.rb	1 file, 2 examples, 2 expectations, 0 failures, 0 errors, 0 tagged	
0	spec/core/encoding/undefined_conversion_error/error_char_spec.rb	1 file, 3 examples, 8 expectations, 0 failures, 0 errors, 0 tagged	
0	spec/core/enumerable/chain_spec.rb	1 file, 2 examples, 2 expectations, 0 failures, 0 errors, 0 tagged	
0	spec/core/encoding/undefined_conversion_error/source_encoding_spec.rb	1 file, 3 examples, 4 expectations, 0 failures, 0 errors, 0 tagged	
0	spec/core/encoding/undefined_conversion_error/source_encoding_name_spec.rb	1 file, 3 examples, 3 expectations, 0 failures, 0 errors, 0 tagged	
1	spec/core/enumerable/all_spec.rb	1 file, 20 examples, 61 expectations, 1 failure, 0 errors, 0 tagged	
1	spec/core/enumerable/any_spec.rb	1 file, 20 examples, 71 expectations, 1 failure, 0 errors, 0 tagged	
1	spec/core/enumerable/chunk_while_spec.rb	1 file, 5 examples, 5 expectations, 2 failures, 0 errors, 0 tagged	
0	spec/core/enumerable/collect_concat_spec.rb	1 file, 1 example, 1 expectation, 0 failures, 0 errors, 0 tagged	
1	spec/core/enumerable/chunk_spec.rb	1 file, 12 examples, 13 expectations, 5 failures, 0 errors, 0 tagged	
0	spec/core/enumerable/compact_spec.rb	1 file, 3 examples, 3 expectations, 0 failures, 0 errors, 0 tagged	
0	spec/core/enumerable/collect_spec.rb	1 file, 1 example, 1 expectation, 0 failures, 0 errors, 0 tagged	
0	spec/core/enumerable/count_spec.rb	1 file, 8 examples, 9 expectations, 0 failures, 0 errors, 0 tagged	
0	spec/core/enumerable/detect_spec.rb	1 file, 1 example, 1 expectation, 0 failures, 0 errors, 0 tagged	
0	spec/core/enumerable/cycle_spec.rb	1 file, 17 examples, 29 expectations, 0 failures, 0 errors, 0 tagged	
0	spec/core/enumerable/drop_spec.rb	1 file, 9 examples, 15 expectations, 0 failures, 0 errors, 0 tagged	
1	spec/core/enumerable/drop_while_spec.rb	1 file, 12 examples, 16 expectations, 1 failure, 0 errors, 0 tagged	
1	spec/core/enumerable/each_entry_spec.rb	1 file, 7 examples, 9 expectations, 0 failures, 1 error, 0 tagged	
1	spec/core/enumerable/each_cons_spec.rb	1 file, 12 examples, 25 expectations, 2 failures, 0 errors, 0 tagged	
1	spec/core/enumerable/each_slice_spec.rb	1 file, 12 examples, 26 expectations, 2 failures, 0 errors, 0 tagged	
1	spec/core/enumerable/filter_map_spec.rb	1 file, 3 examples, 6 expectations, 0 failures, 1 error, 0 tagged	
0	spec/core/enumerable/each_with_object_spec.rb	1 file, 5 examples, 19 expectations, 0 failures, 0 errors, 0 tagged	
1	spec/core/enumerable/each_with_index_spec.rb	1 file, 8 examples, 11 expectations, 0 failures, 1 error, 0 tagged	
0	spec/core/enumerable/entries_spec.rb	1 file, 1 example, 1 expectation, 0 failures, 0 errors, 0 tagged	
0	spec/core/enumerable/filter_spec.rb	1 file, 1 example, 1 expectation, 0 failures, 0 errors, 0 tagged	
0	spec/core/enumerable/find_all_spec.rb	1 file, 1 example, 1 expectation, 0 failures, 0 errors, 0 tagged	
0	spec/core/enumerable/find_spec.rb	1 file, 16 examples, 20 expectations, 0 failures, 0 errors, 0 tagged	
0	spec/core/enumerable/find_index_spec.rb	1 file, 13 examples, 28 expectations, 0 failures, 0 errors, 0 tagged	
0	spec/core/enumerable/first_spec.rb	1 file, 14 examples, 26 expectations, 0 failures, 0 errors, 0 tagged	
1	spec/core/enumerable/flat_map_spec.rb	1 file, 9 examples, 14 expectations, 1 failure, 0 errors, 0 tagged	
1	spec/core/enumerable/grep_spec.rb	1 file, 11 examples, 18 expectations, 2 failures, 0 errors, 0 tagged	
0	spec/core/enumerable/group_by_spec.rb	1 file, 7 examples, 9 expectations, 0 failures, 0 errors, 0 tagged	
0	spec/core/enumerable/include_spec.rb	1 file, 4 examples, 11 expectations, 0 failures, 0 errors, 0 tagged	
1	spec/core/enumerable/grep_v_spec.rb	1 file, 10 examples, 15 expectations, 1 failure, 0 errors, 0 tagged	
1	spec/core/enumerable/inject_spec.rb	1 file, 18 examples, 41 expectations, 1 failure, 2 errors, 0 tagged	
0	spec/core/enumerable/lazy_spec.rb	1 file, 1 example, 1 expectation, 0 failures, 0 errors, 0 tagged	
1	spec/core/enumerable/map_spec.rb	1 file, 12 examples, 16 expectations, 1 failure, 1 error, 0 tagged	
1	spec/core/enumerable/max_spec.rb	1 file, 13 examples, 33 expectations, 0 failures, 1 error, 0 tagged	
1	spec/core/enumerable/min_by_spec.rb	1 file, 14 examples, 15 expectations, 0 failures, 1 error, 0 tagged	
1	spec/core/enumerable/max_by_spec.rb	1 file, 14 examples, 15 expectations, 0 failures, 1 error, 0 tagged	
0	spec/core/enumerable/minmax_spec.rb	1 file, 6 examples, 9 expectations, 0 failures, 0 errors, 0 tagged	
1	spec/core/enumerable/minmax_by_spec.rb	1 file, 9 examples, 11 expectations, 1 failure, 0 errors, 0 tagged	
0	spec/core/enumerable/member_spec.rb	1 file, 1 example, 1 expectation, 0 failures, 0 errors, 0 tagged	
1	spec/core/enumerable/none_spec.rb	1 file, 21 examples, 36 expectations, 1 failure, 0 errors, 0 tagged	
1	spec/core/enumerable/one_spec.rb	1 file, 22 examples, 42 expectations, 1 failure, 0 errors, 0 tagged	
0	spec/core/enumerable/reduce_spec.rb	1 file, 1 example, 1 expectation, 0 failures, 0 errors, 0 tagged	
1	spec/core/enumerable/min_spec.rb	1 file, 13 examples, 36 expectations, 0 failures, 1 error, 0 tagged	
0	spec/core/enumerable/reject_spec.rb	1 file, 8 examples, 11 expectations, 0 failures, 0 errors, 0 tagged	
0	spec/core/enumerable/partition_spec.rb	1 file, 5 examples, 5 expectations, 0 failures, 0 errors, 0 tagged	
0	spec/core/enumerable/reverse_each_spec.rb	1 file, 5 examples, 6 expectations, 0 failures, 0 errors, 0 tagged	
1	spec/core/enumerable/slice_when_spec.rb	1 file, 7 examples, 8 expectations, 2 failures, 0 errors, 0 tagged	
0	spec/core/enumerable/select_spec.rb	1 file, 9 examples, 11 expectations, 0 failures, 0 errors, 0 tagged	
1	spec/core/enumerable/sort_by_spec.rb	1 file, 8 examples, 6 expectations, 2 failures, 3 errors, 0 tagged	
1	spec/core/enumerable/slice_after_spec.rb	1 file, 7 examples, 10 expectations, 3 failures, 0 errors, 0 tagged	
1	spec/core/enumerable/slice_before_spec.rb	1 file, 9 examples, 12 expectations, 5 failures, 0 errors, 0 tagged	
1	spec/core/enumerable/sum_spec.rb	1 file, 5 examples, 6 expectations, 1 failure, 0 errors, 0 tagged	
1	spec/core/enumerable/sort_spec.rb	1 file, 8 examples, 12 expectations, 0 failures, 2 errors, 0 tagged	
0	spec/core/enumerable/take_spec.rb	1 file, 14 examples, 24 expectations, 0 failures, 0 errors, 0 tagged	
1	spec/core/enumerable/take_while_spec.rb	1 file, 12 examples, 16 expectations, 1 failure, 0 errors, 0 tagged	
0	spec/core/enumerable/to_a_spec.rb	1 file, 3 examples, 4 expectations, 0 failures, 0 errors, 0 tagged	
1	spec/core/enumerable/tally_spec.rb	1 file, 14 examples, 9 expectations, 1 failure, 9 errors, 0 tagged	
1	spec/core/enumerable/to_h_spec.rb	1 file, 13 examples, 14 expectations, 0 failures, 1 error, 0 tagged	
1	spec/core/enumerable/zip_spec.rb	1 file, 7 examples, 11 expectations, 0 failures, 3 errors, 0 tagged	
1	spec/core/enumerable/to_set_spec.rb	1 file, 3 examples, 4 expectations, 1 failure, 0 errors, 0 tagged	
0	spec/core/enumerable/uniq_spec.rb	1 file, 9 examples, 20 expectations, 0 failures, 0 errors, 0 tagged	
1	spec/core/enumerator/arithmetic_sequence/begin_spec.rb	1 file, 2 examples, 0 expectations, 0 failures, 2 errors, 0 tagged	
1	spec/core/enumerator/arithmetic_sequence/eq_spec.rb	1 file, 1 example, 0 expectations, 0 failures, 1 error, 0 tagged	
1	spec/core/enumerator/arithmetic_sequence/each_spec.rb	1 file, 0 examples, 0 expectations, 0 failures, 2 errors, 0 tagged	
1	spec/core/enumerator/arithmetic_sequence/end_spec.rb	1 file, 2 examples, 0 expectations, 0 failures, 2 errors, 0 tagged	
1	spec/core/enumerator/arithmetic_sequence/inspect_spec.rb	1 file, 2 examples, 1 expectation, 1 failure, 1 error, 0 tagged	
1	spec/core/enumerator/arithmetic_sequence/exclude_end_spec.rb	1 file, 2 examples, 1 expectation, 0 failures, 2 errors, 0 tagged	
1	spec/core/enumerator/arithmetic_sequence/hash_spec.rb	1 file, 1 example, 0 expectations, 0 failures, 1 error, 0 tagged	
1	spec/core/enumerator/arithmetic_sequence/first_spec.rb	1 file, 1 example, 0 expectations, 0 failures, 1 error, 0 tagged	
1	spec/core/enumerator/arithmetic_sequence/last_spec.rb	1 file, 1 example, 0 expectations, 0 failures, 1 error, 0 tagged	
1	spec/core/enumerator/arithmetic_sequence/size_spec.rb	1 file, 2 examples, 0 expectations, 0 failures, 2 errors, 0 tagged	
1	spec/core/enumerator/arithmetic_sequence/step_spec.rb	1 file, 1 example, 0 expectations, 0 failures, 1 error, 0 tagged	
1	spec/core/enumerator/arithmetic_sequence/new_spec.rb	1 file, 2 examples, 2 expectations, 0 failures, 2 errors, 0 tagged	
0	spec/core/enumerator/chain/each_spec.rb	1 file, 1 example, 1 expectation, 0 failures, 0 errors, 0 tagged	
0	spec/core/enumerator/chain/initialize_spec.rb	1 file, 5 examples, 5 expectations, 0 failures, 0 errors, 0 tagged	
0	spec/core/enumerator/chain/size_spec.rb	1 file, 2 examples, 10 expectations, 0 failures, 0 errors, 0 tagged	
1	spec/core/enumerator/chain/rewind_spec.rb	1 file, 6 examples, 24 expectations, 2 failures, 0 errors, 0 tagged	
1	spec/core/enumerator/chain/inspect_spec.rb	1 file, 3 examples, 5 expectations, 1 failure, 0 errors, 0 tagged	
0	spec/core/enumerator/each_with_object_spec.rb	1 file, 5 examples, 8 expectations, 0 failures, 0 errors, 0 tagged	
1	spec/core/enumerator/each_spec.rb	1 file, 26 examples, 26 expectations, 1 failure, 3 errors, 0 tagged	
1	spec/core/enumerator/each_with_index_spec.rb	1 file, 10 examples, 12 expectations, 2 failures, 0 errors, 0 tagged	
0	spec/core/enumerator/enumerator_spec.rb	1 file, 1 example, 1 expectation, 0 failures, 0 errors, 0 tagged	
0	spec/core/enumerator/first_spec.rb	1 file, 1 example, 1 expectation, 0 failures, 0 errors, 0 tagged	
1	spec/core/enumerator/feed_spec.rb	1 file, 6 examples, 7 expectations, 2 failures, 0 errors, 0 tagged	
1	spec/core/enumerator/initialize_spec.rb	1 file, 9 examples, 6 expectations, 3 failures, 4 errors, 0 tagged	
1	spec/core/enumerator/inspect_spec.rb	1 file, 4 examples, 4 expectations, 1 failure, 0 errors, 0 tagged	
1	spec/core/enumerator/lazy/chunk_spec.rb	1 file, 8 examples, 8 expectations, 0 failures, 1 error, 0 tagged	
0	spec/core/enumerator/lazy/chunk_while_spec.rb	1 file, 2 examples, 2 expectations, 0 failures, 0 errors, 0 tagged	
0	spec/core/enumerator/lazy/collect_concat_spec.rb	1 file, 1 example, 1 expectation, 0 failures, 0 errors, 0 tagged	
0	spec/core/enumerator/lazy/collect_spec.rb	1 file, 1 example, 1 expectation, 0 failures, 0 errors, 0 tagged	
0	spec/core/enumerator/lazy/eager_spec.rb	1 file, 2 examples, 6 expectations, 0 failures, 0 errors, 0 tagged	
0	spec/core/enumerator/lazy/compact_spec.rb	1 file, 4 examples, 5 expectations, 0 failures, 0 errors, 0 tagged	
0	spec/core/enumerator/lazy/drop_spec.rb	1 file, 10 examples, 16 expectations, 0 failures, 0 errors, 0 tagged	
0	spec/core/enumerator/lazy/drop_while_spec.rb	1 file, 12 examples, 16 expectations, 0 failures, 0 errors, 0 tagged	
0	spec/core/enumerator/lazy/enum_for_spec.rb	1 file, 1 example, 1 expectation, 0 failures, 0 errors, 0 tagged	
0	spec/core/enumerator/lazy/filter_spec.rb	1 file, 1 example, 1 expectation, 0 failures, 0 errors, 0 tagged	
0	spec/core/enumerator/lazy/filter_map_spec.rb	1 file, 2 examples, 2 expectations, 0 failures, 0 errors, 0 tagged	
0	spec/core/enumerator/lazy/find_all_spec.rb	1 file, 1 example, 1 expectation, 0 failures, 0 errors, 0 tagged	
1	spec/core/enumerator/lazy/force_spec.rb	1 file, 3 examples, 4 expectations, 0 failures, 1 error, 0 tagged	
1	spec/core/enumerator/lazy/grep_spec.rb	1 file, 13 examples, 26 expectations, 3 failures, 0 errors, 0 tagged	
1	spec/core/enumerator/lazy/flat_map_spec.rb	1 file, 11 examples, 18 expectations, 2 failures, 0 errors, 0 tagged	
1	spec/core/enumerator/lazy/grep_v_spec.rb	1 file, 13 examples, 26 expectations, 3 failures, 0 errors, 0 tagged	
0	spec/core/enumerator/lazy/lazy_spec.rb	1 file, 3 examples, 3 expectations, 0 failures, 0 errors, 0 tagged	
0	spec/core/enumerator/lazy/initialize_spec.rb	1 file, 10 examples, 10 expectations, 0 failures, 0 errors, 0 tagged	
0	spec/core/enumerator/lazy/reject_spec.rb	1 file, 12 examples, 15 expectations, 0 failures, 0 errors, 0 tagged	
0	spec/core/enumerator/lazy/map_spec.rb	1 file, 8 examples, 11 expectations, 0 failures, 0 errors, 0 tagged	
0	spec/core/enumerator/lazy/slice_when_spec.rb	1 file, 2 examples, 2 expectations, 0 failures, 0 errors, 0 tagged	
0	spec/core/enumerator/lazy/slice_before_spec.rb	1 file, 2 examples, 2 expectations, 0 failures, 0 errors, 0 tagged	
0	spec/core/enumerator/lazy/slice_after_spec.rb	1 file, 2 examples, 2 expectations, 0 failures, 0 errors, 0 tagged	
0	spec/core/enumerator/lazy/select_spec.rb	1 file, 14 examples, 21 expectations, 0 failures, 0 errors, 0 tagged	
0	spec/core/enumerator/lazy/take_spec.rb	1 file, 12 examples, 18 expectations, 0 failures, 0 errors, 0 tagged	
0	spec/core/enumerator/lazy/uniq_spec.rb	1 file, 12 examples, 17 expectations, 0 failures, 0 errors, 0 tagged	
1	spec/core/enumerator/lazy/to_enum_spec.rb	1 file, 8 examples, 11 expectations, 3 failures, 0 errors, 0 tagged	
0	spec/core/enumerator/lazy/take_while_spec.rb	1 file, 10 examples, 13 expectations, 0 failures, 0 errors, 0 tagged	
1	spec/core/enumerator/next_spec.rb	1 file, 4 examples, 9 expectations, 1 failure, 0 errors, 0 tagged	
1	spec/core/enumerator/lazy/zip_spec.rb	1 file, 12 examples, 12 expectations, 0 failures, 4 errors, 0 tagged	
1	spec/core/enumerator/lazy/with_index_spec.rb	1 file, 9 examples, 8 expectations, 0 failures, 1 error, 0 tagged	
1	spec/core/enumerator/new_spec.rb	1 file, 14 examples, 26 expectations, 2 failures, 1 error, 0 tagged	
0	spec/core/enumerator/peek_values_spec.rb	1 file, 8 examples, 11 expectations, 0 failures, 0 errors, 0 tagged	
0	spec/core/enumerator/plus_spec.rb	1 file, 2 examples, 5 expectations, 0 failures, 0 errors, 0 tagged	
0	spec/core/enumerator/next_values_spec.rb	1 file, 8 examples, 11 expectations, 0 failures, 0 errors, 0 tagged	
0	spec/core/enumerator/peek_spec.rb	1 file, 5 examples, 8 expectations, 0 failures, 0 errors, 0 tagged	
1	spec/core/enumerator/product/each_spec.rb	1 file, 9 examples, 12 expectations, 0 failures, 2 errors, 0 tagged	
1	spec/core/enumerator/produce_spec.rb	1 file, 9 examples, 8 expectations, 1 failure, 3 errors, 0 tagged	
1	spec/core/enumerator/product/initialize_spec.rb	1 file, 5 examples, 4 expectations, 0 failures, 1 error, 0 tagged	
1	spec/core/enumerator/product/initialize_copy_spec.rb	1 file, 7 examples, 8 expectations, 3 failures, 2 errors, 0 tagged	
1	spec/core/enumerator/product/inspect_spec.rb	1 file, 3 examples, 3 expectations, 2 failures, 0 errors, 0 tagged	
1	spec/core/enumerator/product/rewind_spec.rb	1 file, 7 examples, 8 expectations, 0 failures, 1 error, 0 tagged	
1	spec/core/enumerator/product/size_spec.rb	1 file, 8 examples, 3 expectations, 0 failures, 6 errors, 0 tagged	
1	spec/core/enumerator/product_spec.rb	1 file, 12 examples, 14 expectations, 1 failure, 3 errors, 0 tagged	
0	spec/core/enumerator/rewind_spec.rb	1 file, 8 examples, 13 expectations, 0 failures, 0 errors, 0 tagged	
1	spec/core/enumerator/size_spec.rb	1 file, 5 examples, 7 expectations, 2 failures, 0 errors, 0 tagged	
1	spec/core/enumerator/with_index_spec.rb	1 file, 18 examples, 21 expectations, 2 failures, 2 errors, 0 tagged	
0	spec/core/env/clear_spec.rb	1 file, 1 example, 2 expectations, 0 failures, 0 errors, 0 tagged	
1	spec/core/enumerator/with_object_spec.rb	1 file, 1 example, 1 expectation, 1 failure, 0 errors, 0 tagged	
1	spec/core/env/clone_spec.rb	1 file, 3 examples, 3 expectations, 1 failure, 0 errors, 0 tagged	
1	spec/core/env/assoc_spec.rb	1 file, 4 examples, 2 expectations, 1 failure, 4 errors, 0 tagged	
1	spec/core/env/delete_if_spec.rb	1 file, 8 examples, 4 expectations, 0 failures, 5 errors, 0 tagged	
1	spec/core/env/dup_spec.rb	1 file, 1 example, 1 expectation, 1 failure, 0 errors, 0 tagged	
1	spec/core/env/each_key_spec.rb	1 file, 4 examples, 47 expectations, 0 failures, 2 errors, 0 tagged	
0	spec/core/env/each_spec.rb	1 file, 1 example, 1 expectation, 0 failures, 0 errors, 0 tagged	
1	spec/core/env/each_pair_spec.rb	1 file, 5 examples, 5 expectations, 1 failure, 3 errors, 0 tagged	
1	spec/core/env/element_reference_spec.rb	1 file, 6 examples, 6 expectations, 0 failures, 1 error, 0 tagged	
1	spec/core/env/delete_spec.rb	1 file, 8 examples, 9 expectations, 2 failures, 0 errors, 0 tagged	
1	spec/core/env/each_value_spec.rb	1 file, 4 examples, 4 expectations, 0 failures, 3 errors, 0 tagged	
1	spec/core/env/element_set_spec.rb	1 file, 10 examples, 11 expectations, 0 failures, 3 errors, 0 tagged	
1	spec/core/env/filter_spec.rb	1 file, 2 examples, 1 expectation, 0 failures, 1 error, 0 tagged	
0	spec/core/env/empty_spec.rb	1 file, 2 examples, 3 expectations, 0 failures, 0 errors, 0 tagged	
1	spec/core/env/except_spec.rb	1 file, 6 examples, 0 expectations, 0 failures, 6 errors, 0 tagged	
0	spec/core/env/fetch_values_spec.rb	1 file, 0 examples, 0 expectations, 0 failures, 0 errors, 0 tagged	
0	spec/core/env/has_key_spec.rb	1 file, 1 example, 1 expectation, 0 failures, 0 errors, 0 tagged	
1	spec/core/env/fetch_spec.rb	1 file, 13 examples, 11 expectations, 6 failures, 3 errors, 0 tagged	
0	spec/core/env/has_value_spec.rb	1 file, 1 example, 1 expectation, 0 failures, 0 errors, 0 tagged	
0	spec/core/env/include_spec.rb	1 file, 4 examples, 5 expectations, 0 failures, 0 errors, 0 tagged	
0	spec/core/env/inspect_spec.rb	1 file, 1 example, 1 expectation, 0 failures, 0 errors, 0 tagged	
1	spec/core/env/key_spec.rb	1 file, 5 examples, 3 expectations, 1 failure, 4 errors, 0 tagged	
1	spec/core/env/invert_spec.rb	1 file, 1 example, 0 expectations, 0 failures, 1 error, 0 tagged	
0	spec/core/env/keys_spec.rb	1 file, 2 examples, 45 expectations, 0 failures, 0 errors, 0 tagged	
1	spec/core/env/keep_if_spec.rb	1 file, 8 examples, 0 expectations, 0 failures, 8 errors, 0 tagged	
0	spec/core/env/length_spec.rb	1 file, 1 example, 1 expectation, 0 failures, 0 errors, 0 tagged	
1	spec/core/env/merge_spec.rb	1 file, 14 examples, 6 expectations, 1 failure, 13 errors, 0 tagged	
1	spec/core/env/member_spec.rb	1 file, 1 example, 1 expectation, 1 failure, 0 errors, 0 tagged	
1	spec/core/env/rassoc_spec.rb	1 file, 5 examples, 2 expectations, 1 failure, 5 errors, 0 tagged	
0	spec/core/env/rehash_spec.rb	1 file, 1 example, 1 expectation, 0 failures, 0 errors, 0 tagged	
1	spec/core/env/reject_spec.rb	1 file, 12 examples, 8 expectations, 2 failures, 4 errors, 0 tagged	
1	spec/core/env/select_spec.rb	1 file, 10 examples, 4 expectations, 2 failures, 6 errors, 0 tagged	
0	spec/core/env/size_spec.rb	1 file, 1 example, 1 expectation, 0 failures, 0 errors, 0 tagged	
1	spec/core/env/shift_spec.rb	1 file, 4 examples, 7 expectations, 1 failure, 0 errors, 0 tagged	
1	spec/core/env/replace_spec.rb	1 file, 8 examples, 15 expectations, 3 failures, 2 errors, 0 tagged	
1	spec/core/env/to_a_spec.rb	1 file, 2 examples, 49 expectations, 0 failures, 1 error, 0 tagged	
0	spec/core/env/store_spec.rb	1 file, 1 example, 1 expectation, 0 failures, 0 errors, 0 tagged	
1	spec/core/env/slice_spec.rb	1 file, 4 examples, 4 expectations, 1 failure, 4 errors, 0 tagged	
1	spec/core/env/to_hash_spec.rb	1 file, 4 examples, 50 expectations, 0 failures, 2 errors, 0 tagged	
1	spec/core/env/to_h_spec.rb	1 file, 11 examples, 59 expectations, 1 failure, 2 errors, 0 tagged	
1	spec/core/env/update_spec.rb	1 file, 1 example, 1 expectation, 0 failures, 1 error, 0 tagged	
0	spec/core/env/to_s_spec.rb	1 file, 1 example, 1 expectation, 0 failures, 0 errors, 0 tagged	
0	spec/core/env/values_at_spec.rb	1 file, 5 examples, 5 expectations, 0 failures, 0 errors, 0 tagged	
1	spec/core/env/value_spec.rb	1 file, 4 examples, 3 expectations, 1 failure, 2 errors, 0 tagged	
1	spec/core/env/values_spec.rb	1 file, 2 examples, 2 expectations, 0 failures, 1 error, 0 tagged	
1	spec/core/exception/backtrace_locations_spec.rb	1 file, 0 examples, 0 expectations, 0 failures, 5 errors, 0 tagged	
0	spec/core/exception/dup_spec.rb	1 file, 8 examples, 10 expectations, 0 failures, 0 errors, 0 tagged	
1	spec/core/exception/backtrace_spec.rb	1 file, 13 examples, 42 expectations, 1 failure, 0 errors, 0 tagged	
1	spec/core/exception/case_compare_spec.rb	1 file, 6 examples, 3 expectations, 0 failures, 3 errors, 0 tagged	
0	spec/core/exception/cause_spec.rb	1 file, 4 examples, 4 expectations, 0 failures, 0 errors, 0 tagged	
0	spec/core/exception/equal_value_spec.rb	1 file, 10 examples, 14 expectations, 0 failures, 0 errors, 0 tagged	
0	spec/core/exception/detailed_message_spec.rb	1 file, 11 examples, 13 expectations, 0 failures, 0 errors, 0 tagged	
1	spec/core/exception/errno_spec.rb	1 file, 8 examples, 10 expectations, 5 failures, 2 errors, 0 tagged	
1	spec/core/exception/exit_value_spec.rb	1 file, 1 example, 1 expectation, 0 failures, 1 error, 0 tagged	
0	spec/core/exception/exception_spec.rb	1 file, 10 examples, 16 expectations, 0 failures, 0 errors, 0 tagged	
1	spec/core/exception/hierarchy_spec.rb	1 file, 1 example, 14 expectations, 1 failure, 0 errors, 0 tagged	
1	spec/core/exception/frozen_error_spec.rb	1 file, 4 examples, 6 expectations, 0 failures, 1 error, 0 tagged	
1	spec/core/exception/full_message_spec.rb	1 file, 21 examples, 53 expectations, 3 failures, 0 errors, 0 tagged	
0	spec/core/exception/inspect_spec.rb	1 file, 5 examples, 5 expectations, 0 failures, 0 errors, 0 tagged	
1	spec/core/exception/io_error_spec.rb	1 file, 6 examples, 0 expectations, 0 failures, 6 errors, 0 tagged	
0	spec/core/exception/key_error_spec.rb	1 file, 1 example, 5 expectations, 0 failures, 0 errors, 0 tagged	
1	spec/core/exception/load_error_spec.rb	1 file, 2 examples, 0 expectations, 0 failures, 2 errors, 0 tagged	
0	spec/core/exception/message_spec.rb	1 file, 4 examples, 5 expectations, 0 failures, 0 errors, 0 tagged	
1	spec/core/exception/name_spec.rb	1 file, 6 examples, 12 expectations, 2 failures, 0 errors, 0 tagged	
0	spec/core/exception/name_error_spec.rb	1 file, 3 examples, 5 expectations, 0 failures, 0 errors, 0 tagged	
1	spec/core/exception/no_method_error_spec.rb	1 file, 22 examples, 27 expectations, 6 failures, 0 errors, 0 tagged	
0	spec/core/exception/new_spec.rb	1 file, 4 examples, 4 expectations, 0 failures, 0 errors, 0 tagged	
0	spec/core/exception/result_spec.rb	1 file, 1 example, 2 expectations, 0 failures, 0 errors, 0 tagged	
1	spec/core/exception/reason_spec.rb	1 file, 1 example, 1 expectation, 0 failures, 1 error, 0 tagged	
1	spec/core/exception/interrupt_spec.rb	1 file, 4 examples, 1 expectation, 2 failures, 3 errors, 0 tagged	
0	spec/core/exception/receiver_spec.rb	1 file, 8 examples, 15 expectations, 0 failures, 0 errors, 0 tagged	
1	spec/core/exception/set_backtrace_spec.rb	1 file, 11 examples, 10 expectations, 0 failures, 2 errors, 0 tagged	
1	spec/core/exception/signm_spec.rb	1 file, 1 example, 1 expectation, 0 failures, 1 error, 0 tagged	
1	spec/core/exception/signo_spec.rb	1 file, 1 example, 1 expectation, 0 failures, 1 error, 0 tagged	
0	spec/core/exception/standard_error_spec.rb	1 file, 3 examples, 3 expectations, 0 failures, 0 errors, 0 tagged	
0	spec/core/exception/status_spec.rb	1 file, 1 example, 2 expectations, 0 failures, 0 errors, 0 tagged	
1	spec/core/exception/syntax_error_spec.rb	1 file, 3 examples, 2 expectations, 0 failures, 3 errors, 0 tagged	
1	spec/core/exception/system_call_error_spec.rb	1 file, 25 examples, 24 expectations, 2 failures, 14 errors, 0 tagged	
0	spec/core/exception/success_spec.rb	1 file, 2 examples, 4 expectations, 0 failures, 0 errors, 0 tagged	
1	spec/core/exception/to_s_spec.rb	1 file, 5 examples, 7 expectations, 1 failure, 0 errors, 0 tagged	
1	spec/core/exception/uncaught_throw_error_spec.rb	1 file, 1 example, 0 expectations, 0 failures, 1 error, 0 tagged	
0	spec/core/false/and_spec.rb	1 file, 1 example, 5 expectations, 0 failures, 0 errors, 0 tagged	
1	spec/core/false/dup_spec.rb	1 file, 1 example, 0 expectations, 0 failures, 1 error, 0 tagged	
0	spec/core/false/case_compare_spec.rb	1 file, 2 examples, 5 expectations, 0 failures, 0 errors, 0 tagged	
1	spec/core/exception/signal_exception_spec.rb	1 file, 16 examples, 6 expectations, 7 failures, 7 errors, 0 tagged	
1	spec/core/false/falseclass_spec.rb	1 file, 2 examples, 2 expectations, 0 failures, 1 error, 0 tagged	
0	spec/core/false/or_spec.rb	1 file, 1 example, 5 expectations, 0 failures, 0 errors, 0 tagged	
1	spec/core/exception/system_exit_spec.rb	1 file, 6 examples, 12 expectations, 2 failures, 1 error, 0 tagged	
1	spec/core/false/inspect_spec.rb	1 file, 1 example, 1 expectation, 1 failure, 0 errors, 0 tagged	
0	spec/core/false/singleton_method_spec.rb	1 file, 1 example, 2 expectations, 0 failures, 0 errors, 0 tagged	
1	spec/core/false/to_s_spec.rb	1 file, 3 examples, 3 expectations, 2 failures, 0 errors, 0 tagged	
1	spec/core/false/xor_spec.rb	1 file, 1 example, 1 expectation, 1 failure, 0 errors, 0 tagged	
0	spec/core/fiber/blocking_spec.rb	1 file, 13 examples, 13 expectations, 0 failures, 0 errors, 0 tagged	
0	spec/core/fiber/current_scheduler_spec.rb	1 file, 11 examples, 13 expectations, 0 failures, 0 errors, 0 tagged	
0	spec/core/fiber/inspect_spec.rb	1 file, 6 examples, 6 expectations, 0 failures, 0 errors, 0 tagged	
0	spec/core/fiber/alive_spec.rb	1 file, 6 examples, 11 expectations, 0 failures, 0 errors, 0 tagged	
0	spec/core/fiber/current_spec.rb	1 file, 3 examples, 18 expectations, 0 failures, 0 errors, 0 tagged	
0	spec/core/fiber/kill_spec.rb	1 file, 7 examples, 11 expectations, 0 failures, 0 errors, 0 tagged	
1	spec/core/exception/top_level_spec.rb	1 file, 5 examples, 5 expectations, 4 failures, 1 error, 0 tagged	
0	spec/core/fiber/new_spec.rb	1 file, 5 examples, 5 expectations, 0 failures, 0 errors, 0 tagged	
0	spec/core/fiber/scheduler_spec.rb	1 file, 0 examples, 0 expectations, 0 failures, 0 errors, 0 tagged	
1	spec/core/fiber/raise_spec.rb	1 file, 57 examples, 80 expectations, 1 failure, 2 errors, 0 tagged	
1	spec/core/fiber/set_scheduler_spec.rb	1 file, 5 examples, 4 expectations, 0 failures, 1 error, 0 tagged	
0	spec/core/fiber/schedule_spec.rb	1 file, 6 examples, 7 expectations, 0 failures, 0 errors, 0 tagged	
0	spec/core/fiber/resume_spec.rb	1 file, 17 examples, 20 expectations, 0 failures, 0 errors, 0 tagged	
1	spec/core/fiber/storage_spec.rb	1 file, 30 examples, 35 expectations, 1 failure, 0 errors, 0 tagged	
0	spec/core/fiber/transfer_spec.rb	1 file, 16 examples, 21 expectations, 0 failures, 0 errors, 0 tagged	
0	spec/core/fiber/yield_spec.rb	1 file, 6 examples, 8 expectations, 0 failures, 0 errors, 0 tagged	
1	spec/core/file/atime_spec.rb	1 file, 5 examples, 4 expectations, 0 failures, 1 error, 0 tagged	
1	spec/core/file/basename_spec.rb	1 file, 16 examples, 171 expectations, 2 failures, 0 errors, 0 tagged	
1	spec/core/file/absolute_path_spec.rb	1 file, 15 examples, 10 expectations, 2 failures, 7 errors, 0 tagged	
0	spec/core/file/birthtime_spec.rb	1 file, 5 examples, 5 expectations, 0 failures, 0 errors, 0 tagged	
0	spec/core/file/blockdev_spec.rb	1 file, 2 examples, 3 expectations, 0 failures, 0 errors, 0 tagged	
0	spec/core/file/chardev_spec.rb	1 file, 2 examples, 3 expectations, 0 failures, 0 errors, 0 tagged	
0	spec/core/file/chown_spec.rb	1 file, 12 examples, 21 expectations, 0 failures, 0 errors, 0 tagged	
1	spec/core/file/ctime_spec.rb	1 file, 5 examples, 4 expectations, 0 failures, 1 error, 0 tagged	
1	spec/core/file/constants_spec.rb	1 file, 21 examples, 41 expectations, 3 failures, 1 error, 0 tagged	
0	spec/core/file/delete_spec.rb	1 file, 7 examples, 12 expectations, 0 failures, 0 errors, 0 tagged	
1	spec/core/file/constants/constants_spec.rb	1 file, 21 examples, 21 expectations, 4 failures, 0 errors, 0 tagged	
1	spec/core/file/chmod_spec.rb	1 file, 12 examples, 19 expectations, 1 failure, 0 errors, 0 tagged	
1	spec/core/file/directory_spec.rb	1 file, 8 examples, 8 expectations, 1 failure, 3 errors, 0 tagged	
1	spec/core/file/dirname_spec.rb	1 file, 19 examples, 112 expectations, 3 failures, 5 errors, 0 tagged	
0	spec/core/file/empty_spec.rb	1 file, 9 examples, 12 expectations, 0 failures, 0 errors, 0 tagged	
1	spec/core/file/executable_real_spec.rb	1 file, 10 examples, 14 expectations, 2 failures, 0 errors, 0 tagged	
1	spec/core/file/executable_spec.rb	1 file, 10 examples, 14 expectations, 3 failures, 0 errors, 0 tagged	
1	spec/core/file/extname_spec.rb	1 file, 10 examples, 33 expectations, 1 failure, 0 errors, 0 tagged	
1	spec/core/file/exist_spec.rb	1 file, 5 examples, 8 expectations, 1 failure, 0 errors, 0 tagged	
1	spec/core/file/expand_path_spec.rb	1 file, 29 examples, 58 expectations, 8 failures, 2 errors, 0 tagged	
0	spec/core/file/file_spec.rb	1 file, 7 examples, 11 expectations, 0 failures, 0 errors, 0 tagged	
1	spec/core/file/ftype_spec.rb	1 file, 11 examples, 12 expectations, 0 failures, 1 error, 0 tagged	
1	spec/core/file/fnmatch_spec.rb	1 file, 42 examples, 88 expectations, 12 failures, 5 errors, 0 tagged	
0	spec/core/file/identical_spec.rb	1 file, 6 examples, 13 expectations, 0 failures, 0 errors, 0 tagged	
0	spec/core/file/grpowned_spec.rb	1 file, 4 examples, 4 expectations, 0 failures, 0 errors, 0 tagged	
1	spec/core/file/join_spec.rb	1 file, 20 examples, 54 expectations, 4 failures, 0 errors, 0 tagged	
0	spec/core/file/lchmod_spec.rb	1 file, 0 examples, 0 expectations, 0 failures, 0 errors, 0 tagged	
0	spec/core/file/initialize_spec.rb	1 file, 2 examples, 4 expectations, 0 failures, 0 errors, 0 tagged	
0	spec/core/file/flock_spec.rb	1 file, 5 examples, 8 expectations, 0 failures, 0 errors, 0 tagged	
0	spec/core/file/lutime_spec.rb	1 file, 8 examples, 23 expectations, 0 failures, 0 errors, 0 tagged	
0	spec/core/file/link_spec.rb	1 file, 4 examples, 9 expectations, 0 failures, 0 errors, 0 tagged	
1	spec/core/file/lstat_spec.rb	1 file, 5 examples, 6 expectations, 2 failures, 0 errors, 0 tagged	
0	spec/core/file/lchown_spec.rb	1 file, 5 examples, 13 expectations, 0 failures, 0 errors, 0 tagged	
1	spec/core/file/new_spec.rb	1 file, 27 examples, 47 expectations, 4 failures, 5 errors, 0 tagged	
1	spec/core/file/mtime_spec.rb	1 file, 4 examples, 4 expectations, 0 failures, 1 error, 0 tagged	
1	spec/core/file/mkfifo_spec.rb	1 file, 7 examples, 7 expectations, 1 failure, 1 error, 0 tagged	
0	spec/core/file/null_spec.rb	1 file, 1 example, 1 expectation, 0 failures, 0 errors, 0 tagged	
1	spec/core/file/path_spec.rb	1 file, 11 examples, 20 expectations, 4 failures, 0 errors, 0 tagged	
1	spec/core/file/open_spec.rb	1 file, 80 examples, 105 expectations, 8 failures, 23 errors, 0 tagged	
0	spec/core/file/owned_spec.rb	1 file, 2 examples, 2 expectations, 0 failures, 0 errors, 0 tagged	
0	spec/core/file/pipe_spec.rb	1 file, 3 examples, 3 expectations, 0 failures, 0 errors, 0 tagged	
0	spec/core/file/readable_real_spec.rb	1 file, 4 examples, 5 expectations, 0 failures, 0 errors, 0 tagged	
0	spec/core/file/readable_spec.rb	1 file, 4 examples, 6 expectations, 0 failures, 0 errors, 0 tagged	
1	spec/core/file/printf_spec.rb	1 file, 163 examples, 527 expectations, 1 failure, 2 errors, 0 tagged	
0	spec/core/file/readlink_spec.rb	1 file, 7 examples, 8 expectations, 0 failures, 0 errors, 0 tagged	
0	spec/core/file/read_spec.rb	1 file, 1 example, 1 expectation, 0 failures, 0 errors, 0 tagged	
1	spec/core/file/realpath_spec.rb	1 file, 12 examples, 13 expectations, 2 failures, 0 errors, 0 tagged	
0	spec/core/file/reopen_spec.rb	1 file, 2 examples, 4 expectations, 0 failures, 0 errors, 0 tagged	
0	spec/core/file/rename_spec.rb	1 file, 4 examples, 8 expectations, 0 failures, 0 errors, 0 tagged	
0	spec/core/file/setgid_spec.rb	1 file, 3 examples, 3 expectations, 0 failures, 0 errors, 0 tagged	
1	spec/core/file/realdirpath_spec.rb	1 file, 12 examples, 13 expectations, 1 failure, 0 errors, 0 tagged	
1	spec/core/file/size_spec.rb	1 file, 22 examples, 26 expectations, 4 failures, 3 errors, 0 tagged	
1	spec/core/file/socket_spec.rb	1 file, 4 examples, 3 expectations, 0 failures, 1 error, 0 tagged	
0	spec/core/file/setuid_spec.rb	1 file, 3 examples, 3 expectations, 0 failures, 0 errors, 0 tagged	
1	spec/core/file/split_spec.rb	1 file, 10 examples, 16 expectations, 1 failure, 0 errors, 0 tagged	
0	spec/core/file/stat/birthtime_spec.rb	1 file, 1 example, 3 expectations, 0 failures, 0 errors, 0 tagged	
0	spec/core/file/stat/blockdev_spec.rb	1 file, 2 examples, 3 expectations, 0 failures, 0 errors, 0 tagged	
0	spec/core/file/stat/atime_spec.rb	1 file, 1 example, 2 expectations, 0 failures, 0 errors, 0 tagged	
0	spec/core/file/stat/blksize_spec.rb	1 file, 1 example, 2 expectations, 0 failures, 0 errors, 0 tagged	
0	spec/core/file/stat/blocks_spec.rb	1 file, 1 example, 2 expectations, 0 failures, 0 errors, 0 tagged	
0	spec/core/file/stat/comparison_spec.rb	1 file, 3 examples, 8 expectations, 0 failures, 0 errors, 0 tagged	
0	spec/core/file/stat/chardev_spec.rb	1 file, 2 examples, 3 expectations, 0 failures, 0 errors, 0 tagged	
0	spec/core/file/stat/ctime_spec.rb	1 file, 1 example, 2 expectations, 0 failures, 0 errors, 0 tagged	
0	spec/core/file/stat/dev_spec.rb	1 file, 1 example, 1 expectation, 0 failures, 0 errors, 0 tagged	
0	spec/core/file/stat/dev_major_spec.rb	1 file, 1 example, 1 expectation, 0 failures, 0 errors, 0 tagged	
0	spec/core/file/stat/dev_minor_spec.rb	1 file, 1 example, 1 expectation, 0 failures, 0 errors, 0 tagged	
0	spec/core/file/stat/directory_spec.rb	1 file, 5 examples, 7 expectations, 0 failures, 0 errors, 0 tagged	
1	spec/core/file/stat/executable_real_spec.rb	1 file, 9 examples, 13 expectations, 2 failures, 0 errors, 0 tagged	
1	spec/core/file/stat/executable_spec.rb	1 file, 9 examples, 13 expectations, 3 failures, 0 errors, 0 tagged	
0	spec/core/file/stat/file_spec.rb	1 file, 5 examples, 9 expectations, 0 failures, 0 errors, 0 tagged	
1	spec/core/file/stat/ftype_spec.rb	1 file, 8 examples, 7 expectations, 0 failures, 1 error, 0 tagged	
0	spec/core/file/stat/ino_spec.rb	1 file, 1 example, 2 expectations, 0 failures, 0 errors, 0 tagged	
0	spec/core/file/stat/gid_spec.rb	1 file, 1 example, 2 expectations, 0 failures, 0 errors, 0 tagged	
0	spec/core/file/stat/mode_spec.rb	1 file, 1 example, 2 expectations, 0 failures, 0 errors, 0 tagged	
0	spec/core/file/stat/grpowned_spec.rb	1 file, 3 examples, 3 expectations, 0 failures, 0 errors, 0 tagged	
0	spec/core/file/stat/inspect_spec.rb	1 file, 1 example, 1 expectation, 0 failures, 0 errors, 0 tagged	
0	spec/core/file/stat/new_spec.rb	1 file, 3 examples, 4 expectations, 0 failures, 0 errors, 0 tagged	
0	spec/core/file/stat/nlink_spec.rb	1 file, 1 example, 2 expectations, 0 failures, 0 errors, 0 tagged	
0	spec/core/file/stat/mtime_spec.rb	1 file, 1 example, 2 expectations, 0 failures, 0 errors, 0 tagged	
0	spec/core/file/stat/owned_spec.rb	1 file, 1 example, 1 expectation, 0 failures, 0 errors, 0 tagged	
0	spec/core/file/stat/rdev_major_spec.rb	1 file, 1 example, 1 expectation, 0 failures, 0 errors, 0 tagged	
0	spec/core/file/stat/rdev_minor_spec.rb	1 file, 1 example, 1 expectation, 0 failures, 0 errors, 0 tagged	
0	spec/core/file/stat/rdev_spec.rb	1 file, 1 example, 1 expectation, 0 failures, 0 errors, 0 tagged	
0	spec/core/file/stat/pipe_spec.rb	1 file, 2 examples, 2 expectations, 0 failures, 0 errors, 0 tagged	
0	spec/core/file/stat/setuid_spec.rb	1 file, 0 examples, 0 expectations, 0 failures, 0 errors, 0 tagged	
0	spec/core/file/stat/setgid_spec.rb	1 file, 0 examples, 0 expectations, 0 failures, 0 errors, 0 tagged	
0	spec/core/file/stat/readable_real_spec.rb	1 file, 3 examples, 4 expectations, 0 failures, 0 errors, 0 tagged	
0	spec/core/file/stat/size_spec.rb	1 file, 8 examples, 12 expectations, 0 failures, 0 errors, 0 tagged	
0	spec/core/file/stat/readable_spec.rb	1 file, 3 examples, 5 expectations, 0 failures, 0 errors, 0 tagged	
1	spec/core/file/stat/socket_spec.rb	1 file, 3 examples, 2 expectations, 0 failures, 1 error, 0 tagged	
1	spec/core/file/stat/sticky_spec.rb	1 file, 1 example, 1 expectation, 1 failure, 0 errors, 0 tagged	
0	spec/core/file/stat/symlink_spec.rb	1 file, 2 examples, 3 expectations, 0 failures, 0 errors, 0 tagged	
1	spec/core/file/stat_spec.rb	1 file, 7 examples, 7 expectations, 2 failures, 2 errors, 0 tagged	
0	spec/core/file/stat/uid_spec.rb	1 file, 1 example, 2 expectations, 0 failures, 0 errors, 0 tagged	
0	spec/core/file/stat/writable_real_spec.rb	1 file, 5 examples, 8 expectations, 0 failures, 0 errors, 0 tagged	
1	spec/core/file/stat/world_writable_spec.rb	1 file, 6 examples, 7 expectations, 2 failures, 0 errors, 0 tagged	
0	spec/core/file/stat/writable_spec.rb	1 file, 3 examples, 4 expectations, 0 failures, 0 errors, 0 tagged	
1	spec/core/file/stat/world_readable_spec.rb	1 file, 6 examples, 7 expectations, 2 failures, 0 errors, 0 tagged	
1	spec/core/file/sticky_spec.rb	1 file, 5 examples, 5 expectations, 1 failure, 0 errors, 0 tagged	
0	spec/core/file/symlink_spec.rb	1 file, 9 examples, 16 expectations, 0 failures, 0 errors, 0 tagged	
0	spec/core/file/stat/zero_spec.rb	1 file, 8 examples, 11 expectations, 0 failures, 0 errors, 0 tagged	
0	spec/core/filetest/blockdev_spec.rb	1 file, 2 examples, 3 expectations, 0 failures, 0 errors, 0 tagged	
0	spec/core/filetest/chardev_spec.rb	1 file, 2 examples, 3 expectations, 0 failures, 0 errors, 0 tagged	
1	spec/core/filetest/directory_spec.rb	1 file, 8 examples, 8 expectations, 1 failure, 3 errors, 0 tagged	
0	spec/core/filetest/empty_spec.rb	1 file, 9 examples, 12 expectations, 0 failures, 0 errors, 0 tagged	
1	spec/core/filetest/executable_real_spec.rb	1 file, 10 examples, 14 expectations, 2 failures, 0 errors, 0 tagged	
1	spec/core/filetest/exist_spec.rb	1 file, 5 examples, 8 expectations, 1 failure, 0 errors, 0 tagged	
1	spec/core/filetest/executable_spec.rb	1 file, 10 examples, 14 expectations, 3 failures, 0 errors, 0 tagged	
0	spec/core/filetest/file_spec.rb	1 file, 5 examples, 9 expectations, 0 failures, 0 errors, 0 tagged	
0	spec/core/filetest/grpowned_spec.rb	1 file, 4 examples, 4 expectations, 0 failures, 0 errors, 0 tagged	
0	spec/core/filetest/owned_spec.rb	1 file, 0 examples, 0 expectations, 0 failures, 0 errors, 0 tagged	
0	spec/core/filetest/identical_spec.rb	1 file, 6 examples, 13 expectations, 0 failures, 0 errors, 0 tagged	
0	spec/core/filetest/pipe_spec.rb	1 file, 0 examples, 0 expectations, 0 failures, 0 errors, 0 tagged	
0	spec/core/filetest/readable_spec.rb	1 file, 4 examples, 6 expectations, 0 failures, 0 errors, 0 tagged	
0	spec/core/filetest/readable_real_spec.rb	1 file, 4 examples, 5 expectations, 0 failures, 0 errors, 0 tagged	
0	spec/core/filetest/setgid_spec.rb	1 file, 0 examples, 0 expectations, 0 failures, 0 errors, 0 tagged	
0	spec/core/filetest/setuid_spec.rb	1 file, 0 examples, 0 expectations, 0 failures, 0 errors, 0 tagged	
1	spec/core/filetest/socket_spec.rb	1 file, 4 examples, 3 expectations, 0 failures, 1 error, 0 tagged	
0	spec/core/filetest/size_spec.rb	1 file, 12 examples, 16 expectations, 0 failures, 0 errors, 0 tagged	
0	spec/core/filetest/world_readable_spec.rb	1 file, 0 examples, 0 expectations, 0 failures, 0 errors, 0 tagged	
1	spec/core/filetest/sticky_spec.rb	1 file, 2 examples, 2 expectations, 1 failure, 0 errors, 0 tagged	
0	spec/core/filetest/symlink_spec.rb	1 file, 3 examples, 4 expectations, 0 failures, 0 errors, 0 tagged	
0	spec/core/filetest/writable_spec.rb	1 file, 4 examples, 5 expectations, 0 failures, 0 errors, 0 tagged	
0	spec/core/filetest/world_writable_spec.rb	1 file, 0 examples, 0 expectations, 0 failures, 0 errors, 0 tagged	
0	spec/core/filetest/zero_spec.rb	1 file, 1 example, 1 expectation, 0 failures, 0 errors, 0 tagged	
0	spec/core/filetest/writable_real_spec.rb	1 file, 6 examples, 9 expectations, 0 failures, 0 errors, 0 tagged	
1	spec/core/file/to_path_spec.rb	1 file, 8 examples, 12 expectations, 1 failure, 0 errors, 0 tagged	
0	spec/core/file/umask_spec.rb	1 file, 5 examples, 8 expectations, 0 failures, 0 errors, 0 tagged	
1	spec/core/file/truncate_spec.rb	1 file, 23 examples, 44 expectations, 1 failure, 0 errors, 0 tagged	
0	spec/core/file/unlink_spec.rb	1 file, 1 example, 1 expectation, 0 failures, 0 errors, 0 tagged	
0	spec/core/file/writable_real_spec.rb	1 file, 6 examples, 9 expectations, 0 failures, 0 errors, 0 tagged	
0	spec/core/file/utime_spec.rb	1 file, 6 examples, 17 expectations, 0 failures, 0 errors, 0 tagged	
1	spec/core/file/world_writable_spec.rb	1 file, 7 examples, 9 expectations, 2 failures, 0 errors, 0 tagged	
1	spec/core/file/world_readable_spec.rb	1 file, 7 examples, 9 expectations, 2 failures, 0 errors, 0 tagged	
0	spec/core/file/writable_spec.rb	1 file, 4 examples, 5 expectations, 0 failures, 0 errors, 0 tagged	
0	spec/core/file/zero_spec.rb	1 file, 1 example, 1 expectation, 0 failures, 0 errors, 0 tagged	
0	spec/core/float/abs_spec.rb	1 file, 4 examples, 6 expectations, 0 failures, 0 errors, 0 tagged	
0	spec/core/float/angle_spec.rb	1 file, 1 example, 1 expectation, 0 failures, 0 errors, 0 tagged	
1	spec/core/float/arg_spec.rb	1 file, 8 examples, 8 expectations, 3 failures, 0 errors, 0 tagged	
1	spec/core/float/comparison_spec.rb	1 file, 14 examples, 40 expectations, 2 failures, 0 errors, 0 tagged	
0	spec/core/float/ceil_spec.rb	1 file, 8 examples, 39 expectations, 0 failures, 0 errors, 0 tagged	
0	spec/core/float/coerce_spec.rb	1 file, 1 example, 9 expectations, 0 failures, 0 errors, 0 tagged	
1	spec/core/float/case_compare_spec.rb	1 file, 1 example, 1 expectation, 1 failure, 0 errors, 0 tagged	
0	spec/core/float/constants_spec.rb	1 file, 12 examples, 15 expectations, 0 failures, 0 errors, 0 tagged	
1	spec/core/float/denominator_spec.rb	1 file, 3 examples, 0 expectations, 0 failures, 3 errors, 0 tagged	
1	spec/core/float/divide_spec.rb	1 file, 8 examples, 17 expectations, 0 failures, 1 error, 0 tagged	
0	spec/core/float/eql_spec.rb	1 file, 3 examples, 4 expectations, 0 failures, 0 errors, 0 tagged	
1	spec/core/float/dup_spec.rb	1 file, 1 example, 0 expectations, 0 failures, 1 error, 0 tagged	
1	spec/core/float/exponent_spec.rb	1 file, 2 examples, 5 expectations, 0 failures, 1 error, 0 tagged	
1	spec/core/float/divmod_spec.rb	1 file, 6 examples, 13 expectations, 0 failures, 1 error, 0 tagged	
1	spec/core/float/fdiv_spec.rb	1 file, 14 examples, 2 expectations, 0 failures, 14 errors, 0 tagged	
0	spec/core/float/equal_value_spec.rb	1 file, 5 examples, 23 expectations, 0 failures, 0 errors, 0 tagged	
1	spec/core/float/finite_spec.rb	1 file, 4 examples, 4 expectations, 1 failure, 0 errors, 0 tagged	
0	spec/core/float/float_spec.rb	1 file, 3 examples, 3 expectations, 0 failures, 0 errors, 0 tagged	
0	spec/core/float/floor_spec.rb	1 file, 7 examples, 31 expectations, 0 failures, 0 errors, 0 tagged	
0	spec/core/float/hash_spec.rb	1 file, 2 examples, 2 expectations, 0 failures, 0 errors, 0 tagged	
1	spec/core/float/gte_spec.rb	1 file, 6 examples, 24 expectations, 0 failures, 2 errors, 0 tagged	
1	spec/core/float/inspect_spec.rb	1 file, 1 example, 1 expectation, 1 failure, 0 errors, 0 tagged	
0	spec/core/float/infinite_spec.rb	1 file, 4 examples, 4 expectations, 0 failures, 0 errors, 0 tagged	
1	spec/core/float/gt_spec.rb	1 file, 6 examples, 24 expectations, 0 failures, 2 errors, 0 tagged	
1	spec/core/float/lte_spec.rb	1 file, 6 examples, 25 expectations, 0 failures, 2 errors, 0 tagged	
1	spec/core/float/magnitude_spec.rb	1 file, 1 example, 0 expectations, 0 failures, 1 error, 0 tagged	
1	spec/core/float/lt_spec.rb	1 file, 6 examples, 24 expectations, 0 failures, 2 errors, 0 tagged	
1	spec/core/float/minus_spec.rb	1 file, 2 examples, 5 expectations, 0 failures, 1 error, 0 tagged	
0	spec/core/float/nan_spec.rb	1 file, 1 example, 3 expectations, 0 failures, 0 errors, 0 tagged	
1	spec/core/float/modulo_spec.rb	1 file, 9 examples, 16 expectations, 5 failures, 0 errors, 0 tagged	
0	spec/core/float/negative_spec.rb	1 file, 5 examples, 5 expectations, 0 failures, 0 errors, 0 tagged	
1	spec/core/float/multiply_spec.rb	1 file, 3 examples, 7 expectations, 0 failures, 1 error, 0 tagged	
1	spec/core/float/numerator_spec.rb	1 file, 5 examples, 1 expectation, 0 failures, 5 errors, 0 tagged	
1	spec/core/float/phase_spec.rb	1 file, 1 example, 1 expectation, 1 failure, 0 errors, 0 tagged	
1	spec/core/float/next_float_spec.rb	1 file, 9 examples, 0 expectations, 0 failures, 9 errors, 0 tagged	
1	spec/core/float/plus_spec.rb	1 file, 2 examples, 5 expectations, 0 failures, 1 error, 0 tagged	
0	spec/core/float/positive_spec.rb	1 file, 5 examples, 5 expectations, 0 failures, 0 errors, 0 tagged	
1	spec/core/float/quo_spec.rb	1 file, 1 example, 1 expectation, 0 failures, 1 error, 0 tagged	
1	spec/core/float/prev_float_spec.rb	1 file, 9 examples, 0 expectations, 0 failures, 9 errors, 0 tagged	
0	spec/core/float/round_spec.rb	1 file, 24 examples, 124 expectations, 0 failures, 0 errors, 0 tagged	
1	spec/core/float/rationalize_spec.rb	1 file, 6 examples, 3 expectations, 0 failures, 6 errors, 0 tagged	
0	spec/core/float/to_int_spec.rb	1 file, 1 example, 1 expectation, 0 failures, 0 errors, 0 tagged	
0	spec/core/float/to_f_spec.rb	1 file, 1 example, 3 expectations, 0 failures, 0 errors, 0 tagged	
0	spec/core/float/truncate_spec.rb	1 file, 3 examples, 12 expectations, 0 failures, 0 errors, 0 tagged	
0	spec/core/float/to_r_spec.rb	1 file, 0 examples, 0 expectations, 0 failures, 0 errors, 0 tagged	
0	spec/core/float/uminus_spec.rb	1 file, 5 examples, 10 expectations, 0 failures, 0 errors, 0 tagged	
0	spec/core/float/to_i_spec.rb	1 file, 2 examples, 7 expectations, 0 failures, 0 errors, 0 tagged	
0	spec/core/float/uplus_spec.rb	1 file, 1 example, 3 expectations, 0 failures, 0 errors, 0 tagged	
0	spec/core/float/to_s_spec.rb	1 file, 27 examples, 176 expectations, 0 failures, 0 errors, 0 tagged	
0	spec/core/float/zero_spec.rb	1 file, 1 example, 3 expectations, 0 failures, 0 errors, 0 tagged	
1	spec/core/gc/auto_compact_spec.rb	1 file, 1 example, 0 expectations, 0 failures, 1 error, 0 tagged	
1	spec/core/gc/count_spec.rb	1 file, 2 examples, 2 expectations, 1 failure, 0 errors, 0 tagged	
1	spec/core/gc/config_spec.rb	1 file, 9 examples, 2 expectations, 0 failures, 9 errors, 0 tagged	
1	spec/core/gc/disable_spec.rb	1 file, 1 example, 2 expectations, 1 failure, 0 errors, 0 tagged	
0	spec/core/gc/garbage_collect_spec.rb	1 file, 1 example, 2 expectations, 0 failures, 0 errors, 0 tagged	
1	spec/core/gc/enable_spec.rb	1 file, 1 example, 2 expectations, 1 failure, 0 errors, 0 tagged	
0	spec/core/gc/profiler/clear_spec.rb	1 file, 0 examples, 0 expectations, 0 failures, 0 errors, 0 tagged	
1	spec/core/gc/measure_total_time_spec.rb	1 file, 0 examples, 0 expectations, 0 failures, 2 errors, 0 tagged	
1	spec/core/gc/profiler/enabled_spec.rb	1 file, 0 examples, 0 expectations, 0 failures, 4 errors, 0 tagged	
0	spec/core/gc/profiler/report_spec.rb	1 file, 0 examples, 0 expectations, 0 failures, 0 errors, 0 tagged	
1	spec/core/gc/profiler/disable_spec.rb	1 file, 0 examples, 0 expectations, 0 failures, 2 errors, 0 tagged	
1	spec/core/gc/profiler/enable_spec.rb	1 file, 0 examples, 0 expectations, 0 failures, 2 errors, 0 tagged	
1	spec/core/gc/profiler/result_spec.rb	1 file, 1 example, 0 expectations, 0 failures, 1 error, 0 tagged	
1	spec/core/gc/profiler/total_time_spec.rb	1 file, 1 example, 0 expectations, 0 failures, 1 error, 0 tagged	
1	spec/core/gc/start_spec.rb	1 file, 2 examples, 2 expectations, 0 failures, 1 error, 0 tagged	
1	spec/core/gc/total_time_spec.rb	1 file, 2 examples, 0 expectations, 0 failures, 2 errors, 0 tagged	
1	spec/core/gc/stat_spec.rb	1 file, 11 examples, 16 expectations, 5 failures, 1 error, 0 tagged	
1	spec/core/gc/stress_spec.rb	1 file, 2 examples, 0 expectations, 0 failures, 4 errors, 0 tagged	
0	spec/core/hash/allocate_spec.rb	1 file, 2 examples, 3 expectations, 0 failures, 0 errors, 0 tagged	
0	spec/core/hash/any_spec.rb	1 file, 4 examples, 5 expectations, 0 failures, 0 errors, 0 tagged	
0	spec/core/hash/assoc_spec.rb	1 file, 8 examples, 12 expectations, 0 failures, 0 errors, 0 tagged	
0	spec/core/hash/clear_spec.rb	1 file, 4 examples, 7 expectations, 0 failures, 0 errors, 0 tagged	
0	spec/core/hash/clone_spec.rb	1 file, 1 example, 2 expectations, 0 failures, 0 errors, 0 tagged	
1	spec/core/hash/compact_spec.rb	1 file, 9 examples, 8 expectations, 1 failure, 3 errors, 0 tagged	
1	spec/core/hash/constructor_spec.rb	1 file, 20 examples, 33 expectations, 0 failures, 1 error, 0 tagged	
0	spec/core/hash/deconstruct_keys_spec.rb	1 file, 3 examples, 5 expectations, 0 failures, 0 errors, 0 tagged	
0	spec/core/hash/compare_by_identity_spec.rb	1 file, 20 examples, 34 expectations, 0 failures, 0 errors, 0 tagged	
0	spec/core/hash/default_proc_spec.rb	1 file, 12 examples, 18 expectations, 0 failures, 0 errors, 0 tagged	
0	spec/core/hash/delete_spec.rb	1 file, 7 examples, 15 expectations, 0 failures, 0 errors, 0 tagged	
0	spec/core/hash/default_spec.rb	1 file, 6 examples, 19 expectations, 0 failures, 0 errors, 0 tagged	
0	spec/core/hash/delete_if_spec.rb	1 file, 9 examples, 12 expectations, 0 failures, 0 errors, 0 tagged	
0	spec/core/hash/dig_spec.rb	1 file, 9 examples, 21 expectations, 0 failures, 0 errors, 0 tagged	
0	spec/core/hash/each_key_spec.rb	1 file, 6 examples, 7 expectations, 0 failures, 0 errors, 0 tagged	
0	spec/core/hash/each_spec.rb	1 file, 1 example, 1 expectation, 0 failures, 0 errors, 0 tagged	
0	spec/core/hash/each_value_spec.rb	1 file, 6 examples, 7 expectations, 0 failures, 0 errors, 0 tagged	
1	spec/core/hash/each_pair_spec.rb	1 file, 12 examples, 18 expectations, 1 failure, 0 errors, 0 tagged	
0	spec/core/hash/empty_spec.rb	1 file, 2 examples, 5 expectations, 0 failures, 0 errors, 0 tagged	
1	spec/core/hash/element_reference_spec.rb	1 file, 14 examples, 36 expectations, 1 failure, 0 errors, 0 tagged	
0	spec/core/hash/except_spec.rb	1 file, 6 examples, 9 expectations, 0 failures, 0 errors, 0 tagged	
0	spec/core/hash/eql_spec.rb	1 file, 16 examples, 59 expectations, 0 failures, 0 errors, 0 tagged	
1	spec/core/hash/element_set_spec.rb	1 file, 13 examples, 20 expectations, 1 failure, 0 errors, 0 tagged	
0	spec/core/hash/equal_value_spec.rb	1 file, 17 examples, 61 expectations, 0 failures, 0 errors, 0 tagged	
0	spec/core/hash/fetch_values_spec.rb	1 file, 7 examples, 11 expectations, 0 failures, 0 errors, 0 tagged	
0	spec/core/hash/fetch_spec.rb	1 file, 18 examples, 30 expectations, 0 failures, 0 errors, 0 tagged	
0	spec/core/hash/filter_spec.rb	1 file, 2 examples, 2 expectations, 0 failures, 0 errors, 0 tagged	
0	spec/core/hash/gt_spec.rb	1 file, 10 examples, 17 expectations, 0 failures, 0 errors, 0 tagged	
0	spec/core/hash/flatten_spec.rb	1 file, 9 examples, 15 expectations, 0 failures, 0 errors, 0 tagged	
1	spec/core/hash/hash_spec.rb	1 file, 8 examples, 9 expectations, 0 failures, 1 error, 0 tagged	
0	spec/core/hash/include_spec.rb	1 file, 5 examples, 12 expectations, 0 failures, 0 errors, 0 tagged	
0	spec/core/hash/gte_spec.rb	1 file, 10 examples, 17 expectations, 0 failures, 0 errors, 0 tagged	
0	spec/core/hash/has_value_spec.rb	1 file, 1 example, 1 expectation, 0 failures, 0 errors, 0 tagged	
0	spec/core/hash/has_key_spec.rb	1 file, 1 example, 1 expectation, 0 failures, 0 errors, 0 tagged	
0	spec/core/hash/initialize_spec.rb	1 file, 7 examples, 17 expectations, 0 failures, 0 errors, 0 tagged	
1	spec/core/hash/inspect_spec.rb	1 file, 13 examples, 31 expectations, 1 failure, 1 error, 0 tagged	
0	spec/core/hash/keep_if_spec.rb	1 file, 9 examples, 12 expectations, 0 failures, 0 errors, 0 tagged	
0	spec/core/hash/invert_spec.rb	1 file, 7 examples, 11 expectations, 0 failures, 0 errors, 0 tagged	
0	spec/core/hash/length_spec.rb	1 file, 1 example, 1 expectation, 0 failures, 0 errors, 0 tagged	
0	spec/core/hash/keys_spec.rb	1 file, 2 examples, 11 expectations, 0 failures, 0 errors, 0 tagged	
0	spec/core/hash/key_spec.rb	1 file, 5 examples, 8 expectations, 0 failures, 0 errors, 0 tagged	
0	spec/core/hash/lt_spec.rb	1 file, 10 examples, 17 expectations, 0 failures, 0 errors, 0 tagged	
0	spec/core/hash/lte_spec.rb	1 file, 10 examples, 17 expectations, 0 failures, 0 errors, 0 tagged	
0	spec/core/hash/member_spec.rb	1 file, 1 example, 1 expectation, 0 failures, 0 errors, 0 tagged	
0	spec/core/hash/rassoc_spec.rb	1 file, 8 examples, 10 expectations, 0 failures, 0 errors, 0 tagged	
0	spec/core/hash/rehash_spec.rb	1 file, 6 examples, 27 expectations, 0 failures, 0 errors, 0 tagged	
1	spec/core/hash/new_spec.rb	1 file, 9 examples, 13 expectations, 1 failure, 1 error, 0 tagged	
0	spec/core/hash/merge_spec.rb	1 file, 25 examples, 41 expectations, 0 failures, 0 errors, 0 tagged	
0	spec/core/hash/reject_spec.rb	1 file, 22 examples, 28 expectations, 0 failures, 0 errors, 0 tagged	
1	spec/core/hash/ruby2_keywords_hash_spec.rb	1 file, 11 examples, 19 expectations, 1 failure, 0 errors, 0 tagged	
0	spec/core/hash/replace_spec.rb	1 file, 12 examples, 14 expectations, 0 failures, 0 errors, 0 tagged	
0	spec/core/hash/sort_spec.rb	1 file, 3 examples, 3 expectations, 0 failures, 0 errors, 0 tagged	
0	spec/core/hash/shift_spec.rb	1 file, 8 examples, 29 expectations, 0 failures, 0 errors, 0 tagged	
0	spec/core/hash/size_spec.rb	1 file, 1 example, 6 expectations, 0 failures, 0 errors, 0 tagged	
0	spec/core/hash/select_spec.rb	1 file, 21 examples, 26 expectations, 0 failures, 0 errors, 0 tagged	
0	spec/core/hash/slice_spec.rb	1 file, 9 examples, 14 expectations, 0 failures, 0 errors, 0 tagged	
0	spec/core/hash/store_spec.rb	1 file, 1 example, 1 expectation, 0 failures, 0 errors, 0 tagged	
0	spec/core/hash/to_a_spec.rb	1 file, 2 examples, 4 expectations, 0 failures, 0 errors, 0 tagged	
0	spec/core/hash/to_hash_spec.rb	1 file, 2 examples, 2 expectations, 0 failures, 0 errors, 0 tagged	
1	spec/core/hash/transform_keys_spec.rb	1 file, 25 examples, 32 expectations, 2 failures, 0 errors, 0 tagged	
0	spec/core/hash/to_s_spec.rb	1 file, 1 example, 1 expectation, 0 failures, 0 errors, 0 tagged	
1	spec/core/hash/to_h_spec.rb	1 file, 14 examples, 18 expectations, 5 failures, 0 errors, 0 tagged	
0	spec/core/hash/to_proc_spec.rb	1 file, 11 examples, 13 expectations, 0 failures, 0 errors, 0 tagged	
1	spec/core/hash/transform_values_spec.rb	1 file, 15 examples, 23 expectations, 2 failures, 0 errors, 0 tagged	
0	spec/core/hash/try_convert_spec.rb	1 file, 8 examples, 13 expectations, 0 failures, 0 errors, 0 tagged	
0	spec/core/hash/update_spec.rb	1 file, 1 example, 1 expectation, 0 failures, 0 errors, 0 tagged	
0	spec/core/hash/values_at_spec.rb	1 file, 1 example, 4 expectations, 0 failures, 0 errors, 0 tagged	
0	spec/core/hash/values_spec.rb	1 file, 1 example, 2 expectations, 0 failures, 0 errors, 0 tagged	
0	spec/core/hash/value_spec.rb	1 file, 2 examples, 5 expectations, 0 failures, 0 errors, 0 tagged	
0	spec/core/integer/abs_spec.rb	1 file, 2 examples, 11 expectations, 0 failures, 0 errors, 0 tagged	
1	spec/core/integer/allbits_spec.rb	1 file, 4 examples, 3 expectations, 1 failure, 4 errors, 0 tagged	
1	spec/core/integer/bit_and_spec.rb	1 file, 13 examples, 35 expectations, 5 failures, 1 error, 0 tagged	
0	spec/core/integer/bit_count_spec.rb	1 file, 0 examples, 0 expectations, 0 failures, 0 errors, 0 tagged	
1	spec/core/integer/anybits_spec.rb	1 file, 4 examples, 3 expectations, 1 failure, 4 errors, 0 tagged	
1	spec/core/integer/bit_length_spec.rb	1 file, 4 examples, 30 expectations, 0 failures, 2 errors, 0 tagged	
1	spec/core/integer/bit_xor_spec.rb	1 file, 13 examples, 30 expectations, 5 failures, 1 error, 0 tagged	
1	spec/core/integer/ceildiv_spec.rb	1 file, 1 example, 0 expectations, 0 failures, 1 error, 0 tagged	
1	spec/core/integer/case_compare_spec.rb	1 file, 1 example, 1 expectation, 1 failure, 0 errors, 0 tagged	
1	spec/core/integer/bit_or_spec.rb	1 file, 12 examples, 30 expectations, 5 failures, 1 error, 0 tagged	
0	spec/core/integer/ceil_spec.rb	1 file, 10 examples, 41 expectations, 0 failures, 0 errors, 0 tagged	
1	spec/core/integer/chr_spec.rb	1 file, 26 examples, 1097 expectations, 2 failures, 8 errors, 0 tagged	
1	spec/core/integer/coerce_spec.rb	1 file, 12 examples, 24 expectations, 2 failures, 3 errors, 0 tagged	
0	spec/core/integer/complement_spec.rb	1 file, 2 examples, 7 expectations, 0 failures, 0 errors, 0 tagged	
1	spec/core/integer/constants_spec.rb	1 file, 2 examples, 2 expectations, 2 failures, 0 errors, 0 tagged	
1	spec/core/integer/comparison_spec.rb	1 file, 34 examples, 47 expectations, 5 failures, 0 errors, 0 tagged	
0	spec/core/integer/denominator_spec.rb	1 file, 1 example, 6 expectations, 0 failures, 0 errors, 0 tagged	
0	spec/core/integer/digits_spec.rb	1 file, 9 examples, 11 expectations, 0 failures, 0 errors, 0 tagged	
1	spec/core/integer/divmod_spec.rb	1 file, 13 examples, 36 expectations, 0 failures, 3 errors, 0 tagged	
1	spec/core/integer/divide_spec.rb	1 file, 18 examples, 50 expectations, 0 failures, 1 error, 0 tagged	
1	spec/core/integer/div_spec.rb	1 file, 18 examples, 56 expectations, 1 failure, 3 errors, 0 tagged	
1	spec/core/integer/dup_spec.rb	1 file, 2 examples, 0 expectations, 0 failures, 2 errors, 0 tagged	
0	spec/core/integer/downto_spec.rb	1 file, 9 examples, 17 expectations, 0 failures, 0 errors, 0 tagged	
1	spec/core/integer/element_reference_spec.rb	1 file, 31 examples, 33 expectations, 0 failures, 14 errors, 0 tagged	
0	spec/core/integer/eql_spec.rb	1 file, 5 examples, 5 expectations, 0 failures, 0 errors, 0 tagged	
0	spec/core/integer/even_spec.rb	1 file, 6 examples, 13 expectations, 0 failures, 0 errors, 0 tagged	
1	spec/core/integer/equal_value_spec.rb	1 file, 6 examples, 23 expectations, 1 failure, 0 errors, 0 tagged	
1	spec/core/integer/exponent_spec.rb	1 file, 19 examples, 49 expectations, 2 failures, 4 errors, 0 tagged	
1	spec/core/integer/fdiv_spec.rb	1 file, 14 examples, 11 expectations, 3 failures, 4 errors, 0 tagged	
0	spec/core/integer/floor_spec.rb	1 file, 9 examples, 33 expectations, 0 failures, 0 errors, 0 tagged	
0	spec/core/integer/gcdlcm_spec.rb	1 file, 10 examples, 18 expectations, 0 failures, 0 errors, 0 tagged	
1	spec/core/integer/gte_spec.rb	1 file, 6 examples, 17 expectations, 0 failures, 2 errors, 0 tagged	
0	spec/core/integer/gcd_spec.rb	1 file, 12 examples, 44 expectations, 0 failures, 0 errors, 0 tagged	
0	spec/core/integer/lcm_spec.rb	1 file, 11 examples, 20 expectations, 0 failures, 0 errors, 0 tagged	
1	spec/core/integer/inspect_spec.rb	1 file, 1 example, 1 expectation, 1 failure, 0 errors, 0 tagged	
1	spec/core/integer/lte_spec.rb	1 file, 8 examples, 19 expectations, 1 failure, 2 errors, 0 tagged	
1	spec/core/integer/integer_spec.rb	1 file, 3 examples, 5 expectations, 1 failure, 0 errors, 0 tagged	
1	spec/core/integer/gt_spec.rb	1 file, 6 examples, 16 expectations, 0 failures, 2 errors, 0 tagged	
1	spec/core/integer/lt_spec.rb	1 file, 6 examples, 17 expectations, 0 failures, 2 errors, 0 tagged	
1	spec/core/integer/left_shift_spec.rb	1 file, 34 examples, 40 expectations, 0 failures, 11 errors, 0 tagged	
1	spec/core/integer/modulo_spec.rb	1 file, 9 examples, 43 expectations, 3 failures, 1 error, 0 tagged	
1	spec/core/integer/magnitude_spec.rb	1 file, 1 example, 0 expectations, 0 failures, 1 error, 0 tagged	
1	spec/core/integer/multiply_spec.rb	1 file, 5 examples, 18 expectations, 0 failures, 1 error, 0 tagged	
1	spec/core/integer/minus_spec.rb	1 file, 7 examples, 19 expectations, 0 failures, 1 error, 0 tagged	
1	spec/core/integer/nobits_spec.rb	1 file, 4 examples, 3 expectations, 1 failure, 4 errors, 0 tagged	
0	spec/core/integer/next_spec.rb	1 file, 1 example, 1 expectation, 0 failures, 0 errors, 0 tagged	
0	spec/core/integer/numerator_spec.rb	1 file, 1 example, 8 expectations, 0 failures, 0 errors, 0 tagged	
0	spec/core/integer/odd_spec.rb	1 file, 5 examples, 13 expectations, 0 failures, 0 errors, 0 tagged	
1	spec/core/integer/pow_spec.rb	1 file, 26 examples, 11 expectations, 1 failure, 26 errors, 0 tagged	
0	spec/core/integer/ord_spec.rb	1 file, 1 example, 8 expectations, 0 failures, 0 errors, 0 tagged	
1	spec/core/integer/pred_spec.rb	1 file, 1 example, 3 expectations, 0 failures, 1 error, 0 tagged	
1	spec/core/integer/rationalize_spec.rb	1 file, 5 examples, 14 expectations, 0 failures, 1 error, 0 tagged	
1	spec/core/integer/remainder_spec.rb	1 file, 7 examples, 19 expectations, 1 failure, 0 errors, 0 tagged	
1	spec/core/integer/plus_spec.rb	1 file, 8 examples, 19 expectations, 1 failure, 1 error, 0 tagged	
0	spec/core/integer/round_spec.rb	1 file, 16 examples, 48 expectations, 0 failures, 0 errors, 0 tagged	
1	spec/core/integer/size_spec.rb	1 file, 2 examples, 3 expectations, 2 failures, 0 errors, 0 tagged	
1	spec/core/integer/right_shift_spec.rb	1 file, 35 examples, 60 expectations, 1 failure, 4 errors, 0 tagged	
1	spec/core/integer/succ_spec.rb	1 file, 6 examples, 4 expectations, 0 failures, 2 errors, 0 tagged	
1	spec/core/integer/sqrt_spec.rb	1 file, 6 examples, 2 expectations, 0 failures, 7 errors, 0 tagged	
0	spec/core/integer/to_int_spec.rb	1 file, 1 example, 4 expectations, 0 failures, 0 errors, 0 tagged	
0	spec/core/integer/times_spec.rb	1 file, 9 examples, 15 expectations, 0 failures, 0 errors, 0 tagged	
1	spec/core/integer/to_f_spec.rb	1 file, 3 examples, 6 expectations, 2 failures, 0 errors, 0 tagged	
0	spec/core/integer/to_i_spec.rb	1 file, 1 example, 4 expectations, 0 failures, 0 errors, 0 tagged	
1	spec/core/integer/to_r_spec.rb	1 file, 5 examples, 6 expectations, 1 failure, 0 errors, 0 tagged	
0	spec/core/integer/truncate_spec.rb	1 file, 5 examples, 22 expectations, 0 failures, 0 errors, 0 tagged	
0	spec/core/integer/to_s_spec.rb	1 file, 10 examples, 29 expectations, 0 failures, 0 errors, 0 tagged	
1	spec/core/integer/try_convert_spec.rb	1 file, 7 examples, 12 expectations, 2 failures, 0 errors, 0 tagged	
1	spec/core/integer/upto_spec.rb	1 file, 9 examples, 17 expectations, 0 failures, 1 error, 0 tagged	
1	spec/core/integer/uminus_spec.rb	1 file, 3 examples, 9 expectations, 0 failures, 1 error, 0 tagged	
1	spec/core/integer/zero_spec.rb	1 file, 2 examples, 3 expectations, 0 failures, 1 error, 0 tagged	
1	spec/core/io/advise_spec.rb	1 file, 13 examples, 7 expectations, 0 failures, 13 errors, 0 tagged	
1	spec/core/io/autoclose_spec.rb	1 file, 8 examples, 3 expectations, 0 failures, 14 errors, 0 tagged	
1	spec/core/io/buffer/and_spec.rb	1 file, 8 examples, 0 expectations, 0 failures, 8 errors, 0 tagged	
1	spec/core/io/binwrite_spec.rb	1 file, 12 examples, 11 expectations, 0 failures, 5 errors, 0 tagged	
0	spec/core/io/buffer/bit_count_spec.rb	1 file, 0 examples, 0 expectations, 0 failures, 0 errors, 0 tagged	
1	spec/core/io/binread_spec.rb	1 file, 8 examples, 8 expectations, 1 failure, 0 errors, 0 tagged	
1	spec/core/io/binmode_spec.rb	1 file, 17 examples, 5 expectations, 3 failures, 13 errors, 0 tagged	
1	spec/core/io/buffer/empty_spec.rb	1 file, 14 examples, 0 expectations, 0 failures, 14 errors, 0 tagged	
1	spec/core/io/buffer/for_spec.rb	1 file, 7 examples, 0 expectations, 0 failures, 7 errors, 0 tagged	
1	spec/core/io/buffer/free_spec.rb	1 file, 11 examples, 0 expectations, 0 failures, 11 errors, 0 tagged	
1	spec/core/io/buffer/external_spec.rb	1 file, 3 examples, 0 expectations, 0 failures, 3 errors, 0 tagged	
1	spec/core/io/buffer/internal_spec.rb	1 file, 3 examples, 0 expectations, 0 failures, 3 errors, 0 tagged	
1	spec/core/io/buffer/initialize_spec.rb	1 file, 14 examples, 5 expectations, 0 failures, 14 errors, 0 tagged	
1	spec/core/io/buffer/mapped_spec.rb	1 file, 3 examples, 0 expectations, 0 failures, 3 errors, 0 tagged	
1	spec/core/io/buffer/locked_spec.rb	1 file, 7 examples, 0 expectations, 0 failures, 7 errors, 0 tagged	
1	spec/core/io/buffer/not_spec.rb	1 file, 4 examples, 0 expectations, 0 failures, 4 errors, 0 tagged	
1	spec/core/io/buffer/or_spec.rb	1 file, 8 examples, 0 expectations, 0 failures, 8 errors, 0 tagged	
1	spec/core/io/buffer/map_spec.rb	1 file, 23 examples, 2 expectations, 0 failures, 23 errors, 0 tagged	
1	spec/core/io/buffer/private_spec.rb	1 file, 3 examples, 0 expectations, 0 failures, 3 errors, 0 tagged	
1	spec/core/io/buffer/readonly_spec.rb	1 file, 4 examples, 0 expectations, 0 failures, 4 errors, 0 tagged	
1	spec/core/io/buffer/null_spec.rb	1 file, 14 examples, 0 expectations, 0 failures, 14 errors, 0 tagged	
1	spec/core/io/buffer/shared_spec.rb	1 file, 4 examples, 0 expectations, 0 failures, 4 errors, 0 tagged	
1	spec/core/io/buffer/resize_spec.rb	1 file, 15 examples, 0 expectations, 0 failures, 15 errors, 0 tagged	
1	spec/core/io/buffer/string_spec.rb	1 file, 7 examples, 3 expectations, 0 failures, 7 errors, 0 tagged	
1	spec/core/io/buffer/transfer_spec.rb	1 file, 10 examples, 0 expectations, 0 failures, 10 errors, 0 tagged	
1	spec/core/io/buffer/valid_spec.rb	1 file, 13 examples, 0 expectations, 0 failures, 13 errors, 0 tagged	
1	spec/core/io/buffer/write_spec.rb	1 file, 0 examples, 0 expectations, 0 failures, 4 errors, 0 tagged	
0	spec/core/io/closed_spec.rb	1 file, 2 examples, 2 expectations, 0 failures, 0 errors, 0 tagged	
1	spec/core/io/buffer/xor_spec.rb	1 file, 8 examples, 0 expectations, 0 failures, 8 errors, 0 tagged	
1	spec/core/io/close_on_exec_spec.rb	1 file, 9 examples, 3 expectations, 0 failures, 9 errors, 0 tagged	
1	spec/core/io/close_read_spec.rb	1 file, 6 examples, 4 expectations, 0 failures, 2 errors, 0 tagged	
0	spec/core/io/constants_spec.rb	1 file, 3 examples, 3 expectations, 0 failures, 0 errors, 0 tagged	
1	spec/core/io/copy_stream_spec.rb	1 file, 0 examples, 0 expectations, 0 failures, 1 error, 0 tagged	
1	spec/core/io/close_write_spec.rb	1 file, 7 examples, 5 expectations, 0 failures, 2 errors, 0 tagged	
1	spec/core/io/dup_spec.rb	1 file, 7 examples, 9 expectations, 0 failures, 2 errors, 0 tagged	
1	spec/core/io/each_byte_spec.rb	1 file, 5 examples, 3 expectations, 0 failures, 2 errors, 0 tagged	
1	spec/core/io/each_char_spec.rb	1 file, 8 examples, 3 expectations, 0 failures, 8 errors, 0 tagged	
1	spec/core/io/each_codepoint_spec.rb	1 file, 3 examples, 1 expectation, 0 failures, 10 errors, 0 tagged	
1	spec/core/io/each_line_spec.rb	1 file, 31 examples, 23 expectations, 2 failures, 9 errors, 0 tagged	
0	spec/core/io/each_spec.rb	1 file, 1 example, 1 expectation, 0 failures, 0 errors, 0 tagged	
1	spec/core/io/eof_spec.rb	1 file, 15 examples, 18 expectations, 1 failure, 0 errors, 0 tagged	
0	spec/core/io/fcntl_spec.rb	1 file, 1 example, 1 expectation, 0 failures, 0 errors, 0 tagged	
0	spec/core/io/fileno_spec.rb	1 file, 2 examples, 2 expectations, 0 failures, 0 errors, 0 tagged	
0	spec/core/io/fdatasync_spec.rb	1 file, 0 examples, 0 expectations, 0 failures, 0 errors, 0 tagged	
1	spec/core/io/external_encoding_spec.rb	1 file, 60 examples, 60 expectations, 8 failures, 0 errors, 0 tagged	
1	spec/core/io/flush_spec.rb	1 file, 2 examples, 2 expectations, 0 failures, 2 errors, 0 tagged	
1	spec/core/io/foreach_spec.rb	1 file, 38 examples, 45 expectations, 13 failures, 14 errors, 0 tagged	
1	spec/core/io/for_fd_spec.rb	1 file, 0 examples, 0 expectations, 0 failures, 57 errors, 0 tagged	
1	spec/core/io/getc_spec.rb	1 file, 4 examples, 5 expectations, 1 failure, 0 errors, 0 tagged	
1	spec/core/io/fsync_spec.rb	1 file, 2 examples, 2 expectations, 1 failure, 0 errors, 0 tagged	
1	spec/core/io/gets_spec.rb	1 file, 44 examples, 89 expectations, 10 failures, 2 errors, 0 tagged	
1	spec/core/io/getbyte_spec.rb	1 file, 6 examples, 3 expectations, 0 failures, 6 errors, 0 tagged	
1	spec/core/io/initialize_spec.rb	1 file, 0 examples, 0 expectations, 0 failures, 8 errors, 0 tagged	
1	spec/core/io/inspect_spec.rb	1 file, 4 examples, 1 expectation, 0 failures, 3 errors, 0 tagged	
1	spec/core/io/ioctl_spec.rb	1 file, 3 examples, 2 expectations, 0 failures, 2 errors, 0 tagged	
0	spec/core/io/isatty_spec.rb	1 file, 1 example, 1 expectation, 0 failures, 0 errors, 0 tagged	
0	spec/core/io/io_spec.rb	1 file, 2 examples, 2 expectations, 0 failures, 0 errors, 0 tagged	
1	spec/core/io/internal_encoding_spec.rb	1 file, 85 examples, 85 expectations, 24 failures, 0 errors, 0 tagged	
1	spec/core/io/lineno_spec.rb	1 file, 14 examples, 69 expectations, 4 failures, 0 errors, 0 tagged	
1	spec/core/io/new_spec.rb	1 file, 0 examples, 0 expectations, 0 failures, 58 errors, 0 tagged	
1	spec/core/io/nonblock_spec.rb	1 file, 0 examples, 0 expectations, 0 failures, 2 errors, 0 tagged	
0	spec/core/io/output_spec.rb	1 file, 4 examples, 5 expectations, 0 failures, 0 errors, 0 tagged	
1	spec/core/io/open_spec.rb	1 file, 0 examples, 0 expectations, 0 failures, 63 errors, 0 tagged	
1	spec/core/io/pid_spec.rb	1 file, 3 examples, 3 expectations, 2 failures, 0 errors, 0 tagged	
1	spec/core/io/path_spec.rb	1 file, 4 examples, 0 expectations, 0 failures, 4 errors, 0 tagged	
1	spec/core/io/pipe_spec.rb	1 file, 26 examples, 12 expectations, 13 failures, 14 errors, 0 tagged	
1	spec/core/io/pos_spec.rb	1 file, 8 examples, 11 expectations, 0 failures, 1 error, 0 tagged	
1	spec/core/io/pread_spec.rb	1 file, 24 examples, 13 expectations, 3 failures, 25 errors, 0 tagged	
0	spec/core/io/printf_spec.rb	1 file, 3 examples, 4 expectations, 0 failures, 0 errors, 0 tagged	
1	spec/core/io/print_spec.rb	1 file, 5 examples, 9 expectations, 1 failure, 0 errors, 0 tagged	
1	spec/core/io/putc_spec.rb	1 file, 9 examples, 15 expectations, 1 failure, 0 errors, 0 tagged	
1	spec/core/io/puts_spec.rb	1 file, 19 examples, 38 expectations, 5 failures, 0 errors, 0 tagged	
1	spec/core/io/pwrite_spec.rb	1 file, 10 examples, 7 expectations, 2 failures, 10 errors, 0 tagged	
1	spec/core/io/readbyte_spec.rb	1 file, 3 examples, 1 expectation, 0 failures, 3 errors, 0 tagged	
1	spec/core/io/readline_spec.rb	1 file, 12 examples, 21 expectations, 2 failures, 2 errors, 0 tagged	
1	spec/core/io/readchar_spec.rb	1 file, 14 examples, 9 expectations, 6 failures, 5 errors, 0 tagged	
1	spec/core/io/read_nonblock_spec.rb	1 file, 20 examples, 7 expectations, 0 failures, 18 errors, 0 tagged	
1	spec/core/io/readlines_spec.rb	1 file, 59 examples, 60 expectations, 14 failures, 14 errors, 0 tagged	
1	spec/core/io/readpartial_spec.rb	1 file, 0 examples, 0 expectations, 0 failures, 15 errors, 0 tagged	
1	spec/core/io/rewind_spec.rb	1 file, 7 examples, 11 expectations, 1 failure, 1 error, 0 tagged	
1	spec/core/io/seek_spec.rb	1 file, 16 examples, 21 expectations, 1 failure, 5 errors, 0 tagged	
1	spec/core/io/set_encoding_by_bom_spec.rb	1 file, 16 examples, 3 expectations, 0 failures, 16 errors, 0 tagged	
1	spec/core/io/reopen_spec.rb	1 file, 29 examples, 38 expectations, 7 failures, 12 errors, 0 tagged	
1	spec/core/io/select_spec.rb	1 file, 19 examples, 15 expectations, 1 failure, 16 errors, 0 tagged	
1	spec/core/io/stat_spec.rb	1 file, 3 examples, 1 expectation, 1 failure, 2 errors, 0 tagged	
1	spec/core/io/sync_spec.rb	1 file, 8 examples, 11 expectations, 1 failure, 0 errors, 0 tagged	
1	spec/core/io/set_encoding_spec.rb	1 file, 63 examples, 73 expectations, 44 failures, 5 errors, 0 tagged	
1	spec/core/io/sysopen_spec.rb	1 file, 6 examples, 8 expectations, 1 failure, 6 errors, 0 tagged	
1	spec/core/io/sysread_spec.rb	1 file, 17 examples, 28 expectations, 1 failure, 1 error, 0 tagged	
1	spec/core/io/sysseek_spec.rb	1 file, 13 examples, 12 expectations, 1 failure, 5 errors, 0 tagged	
1	spec/core/io/syswrite_spec.rb	1 file, 17 examples, 20 expectations, 2 failures, 5 errors, 0 tagged	
0	spec/core/io/to_io_spec.rb	1 file, 2 examples, 2 expectations, 0 failures, 0 errors, 0 tagged	
0	spec/core/io/tell_spec.rb	1 file, 1 example, 1 expectation, 0 failures, 0 errors, 0 tagged	
0	spec/core/io/to_i_spec.rb	1 file, 1 example, 1 expectation, 0 failures, 0 errors, 0 tagged	
1	spec/core/io/popen_spec.rb	1 file, 41 examples, 31 expectations, 18 failures, 11 errors, 0 tagged	
1	spec/core/io/to_path_spec.rb	1 file, 1 example, 0 expectations, 0 failures, 1 error, 0 tagged	
1	spec/core/io/try_convert_spec.rb	1 file, 7 examples, 9 expectations, 2 failures, 1 error, 0 tagged	
1	spec/core/io/tty_spec.rb	1 file, 4 examples, 2 expectations, 0 failures, 1 error, 0 tagged	
1	spec/core/io/write_nonblock_spec.rb	1 file, 4 examples, 2 expectations, 0 failures, 31 errors, 0 tagged	
1	spec/core/io/ungetbyte_spec.rb	1 file, 6 examples, 3 expectations, 1 failure, 6 errors, 0 tagged	
1	spec/core/io/ungetc_spec.rb	1 file, 14 examples, 17 expectations, 8 failures, 4 errors, 0 tagged	
1	spec/core/kernel/abort_spec.rb	1 file, 0 examples, 0 expectations, 0 failures, 1 error, 0 tagged	
1	spec/core/kernel/Array_spec.rb	1 file, 0 examples, 0 expectations, 0 failures, 1 error, 0 tagged	
1	spec/core/kernel/autoload_relative_spec.rb	1 file, 0 examples, 0 expectations, 0 failures, 1 error, 0 tagged	
1	spec/core/kernel/at_exit_spec.rb	1 file, 0 examples, 0 expectations, 0 failures, 1 error, 0 tagged	
1	spec/core/kernel/autoload_spec.rb	1 file, 0 examples, 0 expectations, 0 failures, 1 error, 0 tagged	
1	spec/core/kernel/binding_spec.rb	1 file, 0 examples, 0 expectations, 0 failures, 1 error, 0 tagged	
1	spec/core/kernel/backtick_spec.rb	1 file, 0 examples, 0 expectations, 0 failures, 1 error, 0 tagged	
1	spec/core/kernel/block_given_spec.rb	1 file, 0 examples, 0 expectations, 0 failures, 1 error, 0 tagged	
1	spec/core/kernel/__callee___spec.rb	1 file, 0 examples, 0 expectations, 0 failures, 1 error, 0 tagged	
1	spec/core/kernel/caller_locations_spec.rb	1 file, 17 examples, 39 expectations, 3 failures, 7 errors, 0 tagged	
1	spec/core/kernel/catch_spec.rb	1 file, 0 examples, 0 expectations, 0 failures, 1 error, 0 tagged	
1	spec/core/kernel/case_compare_spec.rb	1 file, 0 examples, 0 expectations, 0 failures, 1 error, 0 tagged	
1	spec/core/kernel/caller_spec.rb	1 file, 19 examples, 13 expectations, 4 failures, 10 errors, 0 tagged	
1	spec/core/kernel/chomp_spec.rb	1 file, 0 examples, 0 expectations, 0 failures, 1 error, 0 tagged	
1	spec/core/kernel/chop_spec.rb	1 file, 0 examples, 0 expectations, 0 failures, 1 error, 0 tagged	
1	spec/core/kernel/clone_spec.rb	1 file, 0 examples, 0 expectations, 0 failures, 1 error, 0 tagged	
1	spec/core/kernel/class_spec.rb	1 file, 0 examples, 0 expectations, 0 failures, 1 error, 0 tagged	
0	spec/core/kernel/comparison_spec.rb	1 file, 5 examples, 8 expectations, 0 failures, 0 errors, 0 tagged	
1	spec/core/kernel/Complex_spec.rb	1 file, 69 examples, 60 expectations, 6 failures, 62 errors, 0 tagged	
1	spec/core/kernel/define_singleton_method_spec.rb	1 file, 0 examples, 0 expectations, 0 failures, 1 error, 0 tagged	
1	spec/core/kernel/display_spec.rb	1 file, 0 examples, 0 expectations, 0 failures, 1 error, 0 tagged	
0	spec/core/kernel/enum_for_spec.rb	1 file, 1 example, 1 expectation, 0 failures, 0 errors, 0 tagged	
1	spec/core/kernel/dup_spec.rb	1 file, 0 examples, 0 expectations, 0 failures, 1 error, 0 tagged	
0	spec/core/kernel/eql_spec.rb	1 file, 9 examples, 18 expectations, 0 failures, 0 errors, 0 tagged	
1	spec/core/kernel/__dir___spec.rb	1 file, 6 examples, 6 expectations, 3 failures, 0 errors, 0 tagged	
1	spec/core/kernel/equal_value_spec.rb	1 file, 0 examples, 0 expectations, 0 failures, 1 error, 0 tagged	
1	spec/core/kernel/exec_spec.rb	1 file, 0 examples, 0 expectations, 0 failures, 1 error, 0 tagged	
1	spec/core/kernel/exit_spec.rb	1 file, 0 examples, 0 expectations, 0 failures, 1 error, 0 tagged	
1	spec/core/kernel/eval_spec.rb	1 file, 0 examples, 0 expectations, 0 failures, 1 error, 0 tagged	
1	spec/core/kernel/extend_spec.rb	1 file, 0 examples, 0 expectations, 0 failures, 1 error, 0 tagged	
0	spec/core/kernel/fail_spec.rb	1 file, 2 examples, 2 expectations, 0 failures, 0 errors, 0 tagged	
1	spec/core/kernel/Float_spec.rb	1 file, 0 examples, 0 expectations, 0 failures, 1 error, 0 tagged	
137	spec/core/io/close_spec.rb	NO-TALLY	HANG
1	spec/core/kernel/fork_spec.rb	1 file, 0 examples, 0 expectations, 0 failures, 1 error, 0 tagged	
0	spec/core/kernel/format_spec.rb	1 file, 2 examples, 2 expectations, 0 failures, 0 errors, 0 tagged	
1	spec/core/kernel/freeze_spec.rb	1 file, 0 examples, 0 expectations, 0 failures, 1 error, 0 tagged	
1	spec/core/kernel/frozen_spec.rb	1 file, 0 examples, 0 expectations, 0 failures, 1 error, 0 tagged	
1	spec/core/kernel/gets_spec.rb	1 file, 0 examples, 0 expectations, 0 failures, 1 error, 0 tagged	
1	spec/core/kernel/global_variables_spec.rb	1 file, 0 examples, 0 expectations, 0 failures, 1 error, 0 tagged	
1	spec/core/kernel/Hash_spec.rb	1 file, 0 examples, 0 expectations, 0 failures, 1 error, 0 tagged	
1	spec/core/kernel/gsub_spec.rb	1 file, 0 examples, 0 expectations, 0 failures, 1 error, 0 tagged	
1	spec/core/kernel/initialize_clone_spec.rb	1 file, 4 examples, 2 expectations, 2 failures, 3 errors, 0 tagged	
1	spec/core/kernel/initialize_copy_spec.rb	1 file, 4 examples, 7 expectations, 0 failures, 2 errors, 0 tagged	
1	spec/core/kernel/initialize_dup_spec.rb	1 file, 3 examples, 2 expectations, 2 failures, 2 errors, 0 tagged	
1	spec/core/kernel/inspect_spec.rb	1 file, 0 examples, 0 expectations, 0 failures, 1 error, 0 tagged	
1	spec/core/kernel/instance_of_spec.rb	1 file, 0 examples, 0 expectations, 0 failures, 1 error, 0 tagged	
1	spec/core/kernel/instance_variable_get_spec.rb	1 file, 0 examples, 0 expectations, 0 failures, 1 error, 0 tagged	
1	spec/core/kernel/instance_variable_defined_spec.rb	1 file, 0 examples, 0 expectations, 0 failures, 1 error, 0 tagged	
1	spec/core/kernel/instance_variable_set_spec.rb	1 file, 0 examples, 0 expectations, 0 failures, 1 error, 0 tagged	
1	spec/core/kernel/instance_variables_spec.rb	1 file, 0 examples, 0 expectations, 0 failures, 1 error, 0 tagged	
1	spec/core/kernel/Integer_spec.rb	1 file, 0 examples, 0 expectations, 0 failures, 1 error, 0 tagged	
1	spec/core/kernel/is_a_spec.rb	1 file, 0 examples, 0 expectations, 0 failures, 1 error, 0 tagged	
1	spec/core/kernel/itself_spec.rb	1 file, 0 examples, 0 expectations, 0 failures, 1 error, 0 tagged	
0	spec/core/kernel/kind_of_spec.rb	1 file, 1 example, 1 expectation, 0 failures, 0 errors, 0 tagged	
1	spec/core/kernel/lambda_spec.rb	1 file, 0 examples, 0 expectations, 0 failures, 1 error, 0 tagged	
1	spec/core/kernel/local_variables_spec.rb	1 file, 0 examples, 0 expectations, 0 failures, 1 error, 0 tagged	
1	spec/core/kernel/loop_spec.rb	1 file, 0 examples, 0 expectations, 0 failures, 1 error, 0 tagged	
1	spec/core/kernel/match_spec.rb	1 file, 1 example, 1 expectation, 1 failure, 0 errors, 0 tagged	
1	spec/core/kernel/load_spec.rb	1 file, 52 examples, 87 expectations, 3 failures, 8 errors, 0 tagged	
1	spec/core/kernel/__method___spec.rb	1 file, 0 examples, 0 expectations, 0 failures, 1 error, 0 tagged	
1	spec/core/kernel/method_spec.rb	1 file, 0 examples, 0 expectations, 0 failures, 1 error, 0 tagged	
1	spec/core/kernel/nil_spec.rb	1 file, 0 examples, 0 expectations, 0 failures, 1 error, 0 tagged	
1	spec/core/kernel/not_match_spec.rb	1 file, 0 examples, 0 expectations, 0 failures, 1 error, 0 tagged	
1	spec/core/kernel/methods_spec.rb	1 file, 0 examples, 0 expectations, 0 failures, 1 error, 0 tagged	
1	spec/core/kernel/open_spec.rb	1 file, 0 examples, 0 expectations, 0 failures, 1 error, 0 tagged	
1	spec/core/kernel/object_id_spec.rb	1 file, 13 examples, 13 expectations, 1 failure, 0 errors, 0 tagged	
1	spec/core/kernel/printf_spec.rb	1 file, 0 examples, 0 expectations, 0 failures, 1 error, 0 tagged	
1	spec/core/kernel/private_methods_spec.rb	1 file, 0 examples, 0 expectations, 0 failures, 1 error, 0 tagged	
1	spec/core/kernel/pp_spec.rb	1 file, 1 example, 0 expectations, 1 failure, 0 errors, 0 tagged	
1	spec/core/kernel/protected_methods_spec.rb	1 file, 0 examples, 0 expectations, 0 failures, 1 error, 0 tagged	
1	spec/core/kernel/print_spec.rb	1 file, 0 examples, 0 expectations, 0 failures, 1 error, 0 tagged	
1	spec/core/kernel/proc_spec.rb	1 file, 0 examples, 0 expectations, 0 failures, 1 error, 0 tagged	
1	spec/core/kernel/p_spec.rb	1 file, 0 examples, 0 expectations, 0 failures, 1 error, 0 tagged	
1	spec/core/kernel/public_methods_spec.rb	1 file, 0 examples, 0 expectations, 0 failures, 1 error, 0 tagged	
1	spec/core/kernel/putc_spec.rb	1 file, 0 examples, 0 expectations, 0 failures, 1 error, 0 tagged	
1	spec/core/kernel/public_method_spec.rb	1 file, 0 examples, 0 expectations, 0 failures, 1 error, 0 tagged	
1	spec/core/kernel/public_send_spec.rb	1 file, 0 examples, 0 expectations, 0 failures, 1 error, 0 tagged	
1	spec/core/kernel/raise_spec.rb	1 file, 0 examples, 0 expectations, 0 failures, 1 error, 0 tagged	
1	spec/core/kernel/puts_spec.rb	1 file, 0 examples, 0 expectations, 0 failures, 1 error, 0 tagged	
137	spec/core/io/read_spec.rb	NO-TALLY	HANG
1	spec/core/kernel/rand_spec.rb	1 file, 0 examples, 0 expectations, 0 failures, 1 error, 0 tagged	
1	spec/core/kernel/readline_spec.rb	1 file, 0 examples, 0 expectations, 0 failures, 1 error, 0 tagged	
1	spec/core/kernel/readlines_spec.rb	1 file, 0 examples, 0 expectations, 0 failures, 1 error, 0 tagged	
1	spec/core/kernel/Rational_spec.rb	1 file, 36 examples, 29 expectations, 2 failures, 30 errors, 0 tagged	
1	spec/core/kernel/remove_instance_variable_spec.rb	1 file, 0 examples, 0 expectations, 0 failures, 1 error, 0 tagged	
1	spec/core/kernel/respond_to_missing_spec.rb	1 file, 0 examples, 0 expectations, 0 failures, 1 error, 0 tagged	
1	spec/core/kernel/respond_to_spec.rb	1 file, 0 examples, 0 expectations, 0 failures, 1 error, 0 tagged	
1	spec/core/kernel/require_relative_spec.rb	1 file, 55 examples, 116 expectations, 1 failure, 6 errors, 0 tagged	
1	spec/core/kernel/select_spec.rb	1 file, 0 examples, 0 expectations, 0 failures, 1 error, 0 tagged	
1	spec/core/kernel/require_spec.rb	1 file, 79 examples, 153 expectations, 5 failures, 10 errors, 0 tagged	
1	spec/core/kernel/send_spec.rb	1 file, 0 examples, 0 expectations, 0 failures, 1 error, 0 tagged	
1	spec/core/kernel/set_trace_func_spec.rb	1 file, 0 examples, 0 expectations, 0 failures, 1 error, 0 tagged	
1	spec/core/kernel/singleton_class_spec.rb	1 file, 10 examples, 11 expectations, 3 failures, 2 errors, 0 tagged	
1	spec/core/kernel/singleton_method_spec.rb	1 file, 7 examples, 5 expectations, 2 failures, 5 errors, 0 tagged	
1	spec/core/kernel/singleton_methods_spec.rb	1 file, 0 examples, 0 expectations, 0 failures, 1 error, 0 tagged	
1	spec/core/kernel/spawn_spec.rb	1 file, 0 examples, 0 expectations, 0 failures, 1 error, 0 tagged	
1	spec/core/kernel/sub_spec.rb	1 file, 0 examples, 0 expectations, 0 failures, 1 error, 0 tagged	
1	spec/core/kernel/sprintf_spec.rb	1 file, 0 examples, 0 expectations, 0 failures, 1 error, 0 tagged	
1	spec/core/kernel/String_spec.rb	1 file, 0 examples, 0 expectations, 0 failures, 1 error, 0 tagged	
1	spec/core/kernel/srand_spec.rb	1 file, 0 examples, 0 expectations, 0 failures, 1 error, 0 tagged	
1	spec/core/kernel/syscall_spec.rb	1 file, 0 examples, 0 expectations, 0 failures, 1 error, 0 tagged	
1	spec/core/kernel/system_spec.rb	1 file, 0 examples, 0 expectations, 0 failures, 1 error, 0 tagged	
1	spec/core/kernel/taint_spec.rb	1 file, 0 examples, 0 expectations, 0 failures, 1 error, 0 tagged	
1	spec/core/kernel/tap_spec.rb	1 file, 0 examples, 0 expectations, 0 failures, 1 error, 0 tagged	
1	spec/core/kernel/test_spec.rb	1 file, 0 examples, 0 expectations, 0 failures, 1 error, 0 tagged	
1	spec/core/kernel/tainted_spec.rb	1 file, 0 examples, 0 expectations, 0 failures, 1 error, 0 tagged	
1	spec/core/kernel/then_spec.rb	1 file, 1 example, 0 expectations, 0 failures, 1 error, 0 tagged	
1	spec/core/kernel/throw_spec.rb	1 file, 0 examples, 0 expectations, 0 failures, 1 error, 0 tagged	
137	spec/core/io/write_spec.rb	NO-TALLY	HANG
1	spec/core/kernel/to_s_spec.rb	1 file, 0 examples, 0 expectations, 0 failures, 1 error, 0 tagged	
1	spec/core/kernel/to_enum_spec.rb	1 file, 7 examples, 12 expectations, 1 failure, 0 errors, 0 tagged	
1	spec/core/kernel/trace_var_spec.rb	1 file, 0 examples, 0 expectations, 0 failures, 1 error, 0 tagged	
0	spec/core/kernel/trap_spec.rb	1 file, 2 examples, 2 expectations, 0 failures, 0 errors, 0 tagged	
1	spec/core/kernel/trust_spec.rb	1 file, 0 examples, 0 expectations, 0 failures, 1 error, 0 tagged	
1	spec/core/kernel/untrace_var_spec.rb	1 file, 0 examples, 0 expectations, 0 failures, 1 error, 0 tagged	
1	spec/core/kernel/untaint_spec.rb	1 file, 0 examples, 0 expectations, 0 failures, 1 error, 0 tagged	
1	spec/core/kernel/untrusted_spec.rb	1 file, 0 examples, 0 expectations, 0 failures, 1 error, 0 tagged	
1	spec/core/kernel/yield_self_spec.rb	1 file, 3 examples, 2 expectations, 0 failures, 1 error, 0 tagged	
1	spec/core/kernel/untrust_spec.rb	1 file, 0 examples, 0 expectations, 0 failures, 1 error, 0 tagged	
1	spec/core/kernel/warn_spec.rb	1 file, 0 examples, 0 expectations, 0 failures, 1 error, 0 tagged	
1	spec/core/main/private_spec.rb	1 file, 5 examples, 5 expectations, 1 failure, 1 error, 0 tagged	
1	spec/core/main/include_spec.rb	1 file, 2 examples, 2 expectations, 1 failure, 0 errors, 0 tagged	
1	spec/core/main/define_method_spec.rb	1 file, 3 examples, 0 expectations, 0 failures, 6 errors, 0 tagged	
0	spec/core/main/to_s_spec.rb	1 file, 1 example, 1 expectation, 0 failures, 0 errors, 0 tagged	
1	spec/core/main/using_spec.rb	1 file, 10 examples, 4 expectations, 1 failure, 9 errors, 0 tagged	
1	spec/core/main/ruby2_keywords_spec.rb	1 file, 1 example, 0 expectations, 0 failures, 1 error, 0 tagged	
1	spec/core/main/public_spec.rb	1 file, 5 examples, 5 expectations, 1 failure, 1 error, 0 tagged	
1	spec/core/marshal/dump_spec.rb	1 file, 0 examples, 0 expectations, 0 failures, 1 error, 0 tagged	
1	spec/core/marshal/float_spec.rb	1 file, 18 examples, 18 expectations, 1 failure, 0 errors, 0 tagged	
1	spec/core/marshal/load_spec.rb	1 file, 0 examples, 0 expectations, 0 failures, 1 error, 0 tagged	
1	spec/core/matchdata/allocate_spec.rb	1 file, 1 example, 1 expectation, 1 failure, 0 errors, 0 tagged	
0	spec/core/marshal/minor_version_spec.rb	1 file, 1 example, 1 expectation, 0 failures, 0 errors, 0 tagged	
0	spec/core/marshal/restore_spec.rb	1 file, 1 example, 1 expectation, 0 failures, 0 errors, 0 tagged	
0	spec/core/marshal/major_version_spec.rb	1 file, 1 example, 1 expectation, 0 failures, 0 errors, 0 tagged	
